APIDocs tool, version 1.0.358.0

Command line: check-links
Documentation path: C:\Users\kepatel\Desktop\add-in-docs
Using default table parser definitions
Errors detected while parsing documentation set:
  Error: \docs\get-started\create-an-office-add-in-using-any-editor.md: Error reading file contents: An item with the same key has already been added.
  Error: \docs\project\create-your-first-task-pane-add-in-for-project-by-using-a-text-editor.md: Error reading file contents: An item with the same key has already been added.
  Error: \docs\project\project-add-ins.md: Error reading file contents: An item with the same key has already been added.

Starting test: Check-links
Error: \docs\design\create-add-in-commands-in-your-manifest-preview.md: BookmarkMissing: for link 'Step 3: Add VersionOverrides element' to URL '#step-3-add-versionoverrides-element'
Error: \docs\design\create-add-in-commands-in-your-manifest-preview.md: BookmarkMissing: for link 'Step 7: Add the Resources element' to URL '#step-7-add-the-resources-element'
Error: \docs\design\design-office-add-ins-for-the-ipad.md: BookmarkMissing: for link 'set breakpoints and debug its code' to URL '../../docs/get-started/create-and-debug-office-add-ins-in-visual-studio.md#Test'
Error: \docs\design\ui-elements\layout-for-content-add-ins.md: BookmarkMissing: for link 'custom HTML-based UI' to URL 'ui-elements.md#custom-HTML-based-UI'
Error: \docs\design\ui-elements\layout-for-task-pane-add-ins.md: BookmarkMissing: for link 'custom HTML-based UI' to URL 'ui-elements.md#custom-HTML-based-UI'
Error: \docs\develop\asynchronous-programming-in-office-add-ins.md: BookmarkMissing: for link 'nested callback function pattern' to URL '../../docs/develop/asynchronous-programming-in-office-add-ins.md#AsyncProgramming_NestedCallbacks'
Error: \docs\develop\asynchronous-programming-in-office-add-ins.md: Destination missing for link 'dataChanged' to URL '../../reference/shared/binding.datachangedevent.md'
Error: \docs\develop\bind-to-regions-in-a-document-or-spreadsheet.md: BookmarkMissing: for link 'Office.select method' to URL '../../docs/develop/bind-to-regions-in-a-document-or-spreadsheet.md#BindRegions_Select'
Error: \docs\develop\bind-to-regions-in-a-document-or-spreadsheet.md: Destination missing for link 'DataChanged' to URL '../../reference/shared/binding.datachangedevent.md'
Error: \docs\develop\privacy-and-security.md: Destination missing for link 'Understanding Outlook add-in permissions' to URL '../../docs/outlook/privacy/understanding-outlook-add-in-permissions.md'
Error: \docs\develop\read-and-write-data-to-the-active-selection-in-a-document-or-spreadsheet.md: BookmarkMissing: for link 'Read data from a binding' to URL '../../docs/develop/bind-to-regions-in-a-document-or-spreadsheet.md#BindRegions_Read'
Error: \docs\develop\read-and-write-data-to-the-active-selection-in-a-document-or-spreadsheet.md: BookmarkMissing: for link 'Write data to a binding' to URL '../../docs/develop/bind-to-regions-in-a-document-or-spreadsheet.md#BindRegions_Write'
Error: \docs\develop\referencing-the-javascript-api-for-office-library-from-its-cdn.md: Link specifies ID 'Update the version of your JavaScript API for Office and manifest schema files' which was not found in the document.
Error: \docs\develop\resource-limits-and-performance-optimization.md: Link specifies ID 'Current user' which was not found in the document.
Error: \docs\excel\format-tables-in-add-ins-for-excel.md: BookmarkMissing: for link 'clear or update formatting' to URL '#FormatTablesInApps_UpdatingClearing'
Error: \docs\excel\format-tables-in-add-ins-for-excel.md: BookmarkMissing: for link 'Supported formatting keys and values' to URL '../../docs/excel/format-tables-in-add-ins-for-excel.md#FormatTablesInApps_SupportedFormatting'
Error: \docs\outlook\add-and-remove-attachments-to-an-item-in-a-compose-form.md: BookmarkMissing: for link 'passing optional parameters to asynchronous methods' to URL '../../docs/develop/asynchronous-programming-in-office-add-ins.md#AsyncProgramming_OptionalParameters'
Error: \docs\outlook\apis.md: Link specifies ID 'head' which was not found in the document.
Error: \docs\outlook\apis.md: Link specifies ID 'src' which was not found in the document.
Error: \docs\outlook\apis.md: Link specifies ID 'script' which was not found in the document.
Error: \docs\outlook\apis.md: BookmarkMissing: for link 'makeEwsRequestAsync' to URL '../../reference/outlook/Office.context.mailbox.md#makeewsrequestasyncdata-callback-usercontext'
Error: \docs\outlook\compare-outlook-add-in-support-in-outlook-for-mac.md: BookmarkMissing: for link 'mailbox.displayAppointmentForm' to URL '../../reference/outlook/Office.context.mailbox.md#displayAppointmentForm'
Error: \docs\outlook\compose-scenario.md: BookmarkMissing: for link 'Specify activation rules in a manifest' to URL '../outlook/manifests/activation-rules.md#MailAppDefineRules_Manifest'
Error: \docs\outlook\contextual-outlook-add-ins.md: BookmarkMissing: for link 'Entities object' to URL '../../reference/outlook/simple-types.md#Entities'
Error: \docs\outlook\extract-entity-strings-from-an-item.md: BookmarkMissing: for link 'JavaScript implementation' to URL '#olowa15conagave_entitiesJSImplementation'
Error: \docs\outlook\get-or-set-the-location-of-an-appointment.md: BookmarkMissing: for link 'Setting up Outlook add-ins for compose forms' to URL '../outlook/compose-scenario.md#mod_off15_CreatingForCompose_SettingUp'
Error: \docs\outlook\get-or-set-the-location-of-an-appointment.md: BookmarkMissing: for link 'passing optional parameters to asynchronous methods' to URL '../../docs/develop/asynchronous-programming-in-office-add-ins.md#AsyncProgramming_OptionalParameters'
Error: \docs\outlook\get-or-set-the-subject.md: BookmarkMissing: for link 'Setting up Outlook add-ins for compose forms' to URL '../outlook/compose-scenario.md#mod_off15_CreatingForCompose_SettingUp'
Error: \docs\outlook\get-or-set-the-subject.md: BookmarkMissing: for link 'passing optional parameters to asynchronous methods' to URL '../../docs/develop/asynchronous-programming-in-office-add-ins.md#AsyncProgramming_OptionalParameters'
Error: \docs\outlook\get-or-set-the-time-of-an-appointment.md: BookmarkMissing: for link 'Setting up Outlook add-ins for compose forms' to URL '../outlook/compose-scenario.md#mod_off15_CreatingForCompose_SettingUp'
Error: \docs\outlook\get-or-set-the-time-of-an-appointment.md: BookmarkMissing: for link 'passing optional parameters to asynchronous methods' to URL '../../docs/develop/asynchronous-programming-in-office-add-ins.md#AsyncProgramming_OptionalParameters'
Error: \docs\outlook\get-set-or-add-recipients.md: BookmarkMissing: for link 'Setting up Outlook add-ins for compose forms' to URL '../outlook/compose-scenario.md#mod_off15_CreatingForCompose_SettingUp'
Error: \docs\outlook\get-set-or-add-recipients.md: BookmarkMissing: for link 'passing optional parameters to asynchronous methods' to URL '../../docs/develop/asynchronous-programming-in-office-add-ins.md#AsyncProgramming_OptionalParameters'
Error: \docs\outlook\insert-data-in-the-body.md: BookmarkMissing: for link 'Setting up Outlook add-ins for compose forms' to URL '../outlook/compose-scenario.md#mod_off15_CreatingForCompose_SettingUp'
Error: \docs\outlook\insert-data-in-the-body.md: BookmarkMissing: for link 'passing optional parameters to asynchronous methods' to URL '../../docs/develop/asynchronous-programming-in-office-add-ins.md#AsyncProgramming_OptionalParameters'
Error: \docs\outlook\limits-for-activation-and-javascript-api-for-outlook-add-ins.md: Link specifies ID '\s\S' which was not found in the document.
Error: \docs\outlook\match-strings-in-an-item-as-well-known-entities.md: BookmarkMissing: for link 'Activation rules for Outlook add-ins' to URL '../outlook/manifests/activation-rules.md#MailAppDefineRules_Activation'
Error: \docs\outlook\match-strings-in-an-item-as-well-known-entities.md: BookmarkMissing: for link 'Tips for using well-known entities' to URL '#MailAppEntities_Tips'
Error: \docs\outlook\match-strings-in-an-item-as-well-known-entities.md: BookmarkMissing: for link 'Retrieving entities in your add-in' to URL '#MailAppEntities_Retrieving'
Error: \docs\outlook\match-strings-in-an-item-as-well-known-entities.md: BookmarkMissing: for link 'Activating an add-in based on the existence of an entity' to URL '#MailAppEntities_Activating'
Error: \docs\outlook\match-strings-in-an-item-as-well-known-entities.md: BookmarkMissing: for link 'Retrieving entities in your add-in' to URL '#MailAppEntities_Retrieving'
Error: \docs\outlook\outlook-add-ins.md: BookmarkMissing: for link 'Support for well-known entities' to URL '../outlook/match-strings-in-an-item-as-well-known-entities.md#MailAppEntities_Supported'
Error: \docs\outlook\overview.md: Link specifies ID 'Add and remove attachments to an item in a compose form in Outlook' which was not found in the document.
Error: \docs\outlook\overview.md: BookmarkMissing: for link 'mailbox.getCallbackTokenAsync' to URL '../../reference/outlook/Office.context.mailbox.md#getcallbacktokenasynccallback-usercontext'
Error: \docs\outlook\overview.md: BookmarkMissing: for link 'item.itemId' to URL '../../reference/outlook/Office.context.mailbox.item.md#nullable-itemid-string'
Error: \docs\outlook\overview.md: BookmarkMissing: for link 'mailbox.ewsUrl' to URL '../../reference/outlook/Office.context.mailbox.md#ewsurl-string'
Error: \docs\outlook\privacy-and-security.md: BookmarkMissing: for link 'End users: privacy and performance concerns' to URL '#olowa15conagave_privacy'
Error: \docs\outlook\privacy-and-security.md: BookmarkMissing: for link 'Developers: permission choices and resource usage limits' to URL '#olowa15conagave_choices'
Error: \docs\outlook\read-scenario.md: BookmarkMissing: for link 'Specify activation rules in a manifest' to URL '../outlook/manifests/activation-rules.md#MailAppDefineRules_Manifest'
Error: \docs\outlook\troubleshoot-outlook-add-in-activation.md: Link specifies ID 'GUID' which was not found in the document.
Error: \docs\outlook\troubleshoot-outlook-add-in-activation.md: Link specifies ID 'BASE 64 Hash' which was not found in the document.
Error: \docs\outlook\troubleshoot-outlook-add-in-activation.md: Link specifies ID 'ManifestVersion' which was not found in the document.
Error: \docs\outlook\troubleshoot-outlook-add-in-activation.md: BookmarkMissing: for link 'Is the user mailbox on a version of Exchange Server that is at least Exchange 2013?' to URL '#TroubleshootingMailApps_MailboxE15'
Error: \docs\outlook\understanding-outlook-add-in-permissions.md: BookmarkMissing: for link 'Get only specific entities' to URL '../outlook/match-strings-in-an-item-as-well-known-entities.md#MailAppEntities_Retrieving'
Error: \docs\outlook\understanding-outlook-add-in-permissions.md: BookmarkMissing: for link 'ItemIs activation rule' to URL '../outlook/manifests/activation-rules.md#MailAppDefineRules_ItemIs'
Error: \docs\outlook\understanding-outlook-add-in-permissions.md: BookmarkMissing: for link 'ItemHasKnownEntity rule' to URL '../outlook/match-strings-in-an-item-as-well-known-entities.md#MailAppEntities_Activating'
Error: \docs\outlook\understanding-outlook-add-in-permissions.md: BookmarkMissing: for link 'Get all existing well-known entities' to URL '../outlook/match-strings-in-an-item-as-well-known-entities.md#MailAppEntities_Retrieving'
Error: \docs\outlook\understanding-outlook-add-in-permissions.md: BookmarkMissing: for link 'well-known entities' to URL '../outlook/manifests/activation-rules.md#MailAppDefineRules_ItemHasKnownEntity'
Error: \docs\outlook\understanding-outlook-add-in-permissions.md: BookmarkMissing: for link 'regular expressions' to URL '../outlook/manifests/activation-rules.md#MailAppDefineRules_ItemHasRegularExpressionMatch'
Error: \docs\outlook\use-regular-expressions-to-show-an-outlook-add-in.md: BookmarkMissing: for link 'Activation rules for Outlook add-ins' to URL '../outlook/manifests/activation-rules.md#MailAppDefineRules_Activation'
Error: \docs\outlook\web-services.md: BookmarkMissing: for link 'ReadWriteMailbox permission' to URL '../outlook/understanding-outlook-add-in-permissions.md#olowa15conagave_permmodelreadwrite'
Error: \docs\outlook\manifests\define-add-in-commands.md: BookmarkMissing: for link 'Resources element' to URL '#VersionOverrides10_Resources'
Error: \docs\outlook\manifests\define-add-in-commands.md: BookmarkMissing: for link 'FunctionFile element' to URL '#VersionOverrides10_FunctionFile'
Error: \docs\outlook\manifests\define-add-in-commands.md: BookmarkMissing: for link 'ExtensionPoint element' to URL '#VersionOverrides10_ExtensionPoint'
Error: \docs\outlook\manifests\define-add-in-commands.md: BookmarkMissing: for link 'Button controls' to URL '#VersionOverrides10_Buttons'
Error: \docs\outlook\manifests\define-add-in-commands.md: BookmarkMissing: for link 'Button controls' to URL '#VersionOverrides10_Buttons'
Error: \docs\outlook\manifests\define-add-in-commands.md: BookmarkMissing: for link 'Menu (dropdown button) controls' to URL '#VersionOverrides10_Menus'
Error: \docs\outlook\manifests\define-add-in-commands.md: BookmarkMissing: for link 'Button controls' to URL '#VersionOverrides10_Buttons'
Error: \docs\outlook\manifests\define-add-in-commands.md: BookmarkMissing: for link 'Menu (dropdown button) controls' to URL '#VersionOverrides10_Menus'
Error: \docs\outlook\manifests\define-add-in-commands.md: BookmarkMissing: for link 'Button controls' to URL '#VersionOverrides10_Buttons'
Error: \docs\overview\add-in-manifests.md: BookmarkMissing: for link 'Manifest v1.1 XML file examples' to URL '#O15AgaveManifestOverview_Samplev1_1'
Error: \docs\overview\specify-office-hosts-and-api-requirements.md: BookmarkMissing: for link 'Set the Hosts element' to URL '../../docs/overview/specify-office-hosts-and-api-requirements.md#SetHosts'
Error: \docs\overview\specify-office-hosts-and-api-requirements.md: BookmarkMissing: for link 'Set the Requirements element in the manifest' to URL '../../docs/overview/specify-office-hosts-and-api-requirements.md#RequirementsElement'
Error: \docs\overview\specify-office-hosts-and-api-requirements.md: BookmarkMissing: for link 'Use runtime checks in your JavaScript code' to URL '../../docs/overview/specify-office-hosts-and-api-requirements.md#Runtimecheck'
Error: \docs\overview\specify-office-hosts-and-api-requirements.md: BookmarkMissing: for link 'Specify the latest JavaScript API for Office library' to URL '../../docs/overview/specify-office-hosts-and-api-requirements.md#ReferenceOfficeJS'
Error: \docs\overview\specify-office-hosts-and-api-requirements.md: BookmarkMissing: for link 'Runtime checks using methods not in a requirement set' to URL '../../docs/overview/specify-office-hosts-and-api-requirements.md#RTCmthdnotinReqSet'
Error: \docs\powerpoint\powerpoint-add-ins.md: BookmarkMissing: for link 'How to save add-in state and settings per document for content and task pane add-ins' to URL '../../docs/develop/persisting-add-in-state-and-settings.md#PersistSettingsContentTaskPaneApp'
Error: \docs\powerpoint\use-document-themes-in-your-powerpoint-add-ins.md: BookmarkMissing: for link 'Theme classes for content add-ins' to URL '#officeCSS_Classes_Content'
Error: \docs\powerpoint\use-document-themes-in-your-powerpoint-add-ins.md: BookmarkMissing: for link 'Theme classes for task pane add-ins' to URL '#officeCSS_Classes_TaskPane'
Error: \docs\powerpoint\office-mix\configuring-and-editing-labsjs-labs-for-office-mix.md: Invalid URL format for link 'Walkthrough: Creating your first lab for Office Mix' to URL '../../powerpoint/office-mix/walkthrough:-creating-your-first-lab-for-office-mix.md'
Error: \docs\powerpoint\office-mix\labsjs-lab-components.md: Invalid URL format for link 'Walkthrough: Creating your first lab for Office Mix' to URL '../../powerpoint/office-mix/walkthrough:-creating-your-first-lab-for-office-mix.md'
Error: \docs\project\create-a-project-add-in-that-uses-rest-with-an-on-premises-odata-service.md: Link specifies ID 'version' which was not found in the document.
Error: \docs\project\create-a-project-add-in-that-uses-rest-with-an-on-premises-odata-service.md: BookmarkMissing: for link 'Next steps' to URL '#pj15_HelloProjectData_NextSteps'
Error: \docs\project\create-a-project-add-in-that-uses-rest-with-an-on-premises-odata-service.md: BookmarkMissing: for link 'Next steps' to URL '#pj15_HelloProjectData_NextSteps'
Error: \docs\publish\host-an-office-add-in-on-microsoft-azure.md: BookmarkMissing: for link 'Using Visual Studio 2015 ' to URL '../publish/host-an-office-add-in-on-microsoft-azure.md#bk_usingVS2013'
Error: \docs\publish\host-an-office-add-in-on-microsoft-azure.md: BookmarkMissing: for link 'Using the Azure management portal' to URL '../publish/host-an-office-add-in-on-microsoft-azure.md#bk_createwebsiteusingAzureportal'
Error: \docs\publish\host-an-office-add-in-on-microsoft-azure.md: BookmarkMissing: for link 'Step 5: Publish your Office Add-in to the Azure website' to URL '../publish/host-an-office-add-in-on-microsoft-azure.md#bk_publishA4OtoAzure'
Error: \docs\word\create-better-add-ins-for-word-with-office-open-xml.md: BookmarkMissing: for link 'Additional resources' to URL '../../docs/word/create-better-add-ins-for-word-with-office-open-xml.md#bk_AdditionalResources'
Error: \docs\word\create-better-add-ins-for-word-with-office-open-xml.md: BookmarkMissing: for link 'Creating your own markup: best practices' to URL '../../docs/word/create-better-add-ins-for-word-with-office-open-xml.md#bk_CreatingOwnMarkup'
Error: \docs\word\create-better-add-ins-for-word-with-office-open-xml.md: BookmarkMissing: for link 'Adding objects that use additional Office Open XML parts' to URL '../../docs/word/create-better-add-ins-for-word-with-office-open-xml.md#bk_AddingObjectsThatUseOOXMLParts'
Error: \docs\word\create-better-add-ins-for-word-with-office-open-xml.md: BookmarkMissing: for link 'Overview' to URL '../../docs/word/create-better-add-ins-for-word-with-office-open-xml.md#bk_Overview'
Error: \docs\word\create-better-add-ins-for-word-with-office-open-xml.md: BookmarkMissing: for link 'Additional resources' to URL '../../docs/word/create-better-add-ins-for-word-with-office-open-xml.md#bk_AdditionalResources'
Error: \docs\word\create-better-add-ins-for-word-with-office-open-xml.md: BookmarkMissing: for link 'Add and bind to a named content control' to URL '../../docs/word/create-better-add-ins-for-word-with-office-open-xml.md#bk_AddAndBind'
Error: \misc\code-samples.md: Destination missing for link 'Office Add-ins' to URL '../../docs/overview/office-add-ins.md'
Error: \misc\code-samples.md: Destination missing for link 'Office Add-ins development lifecycle' to URL '../../docs/design/add-in-development-lifecycle.md'
Error: \misc\excel-add-in-code-samples.md: Destination missing for link 'Quarterly Sales Report Sample Add-in' to URL '../../images/QuarterlySalesReport_report.PNG'
Error: \misc\excel-add-in-code-samples.md: Destination missing for link 'College Budget Tracker Sample Add-in' to URL '../../images/CollegeBudgetTracker_tracker.PNG'
Error: \misc\excel-add-in-code-samples.md: Destination missing for link 'College Credits Tracker Sample Add-in' to URL '../../images/CollegeCreditsTracker_tracker.PNG'
Error: \misc\excel-add-in-code-samples.md: Destination missing for link 'Sheet Switcher Sample Add-in' to URL '../../images/SheetSwitcher_taskpane.PNG'
Error: \misc\excel-add-in-code-samples.md: Destination missing for link 'Consoldiated Sales Report Sample Add-in' to URL '../../images/ConsolidatedSalesReport_report.PNG'
Error: \misc\excel-add-in-code-samples.md: Destination missing for link 'Range Highlighter Sample Add-in' to URL '../../images/RangeHighlighter_result.PNG'
Error: \misc\excel-add-in-code-samples.md: Destination missing for link 'Build your first Excel add-in' to URL 'build-your-first-excel-add-in.md'
Error: \misc\excel-add-in-code-samples.md: Destination missing for link 'Excel add-ins programming overview' to URL 'excel-add-ins-javascript-programming-overview.md'
Error: \misc\excel-add-in-code-samples.md: Destination missing for link 'Excel add-ins JavaScript API reference' to URL 'excel-add-ins-javascript-api-reference.md'
Error: \misc\excel-add-ins.md: Destination missing for link 'Build your first Excel add-in' to URL 'build-your-first-excel-add-in.md'
Error: \misc\excel-add-ins.md: Destination missing for link 'Excel add-ins JavaScript API reference' to URL 'excel-add-ins-javascript-api-reference.md'
Error: \misc\excel-add-ins.md: Destination missing for link 'Excel add-ins programming overview' to URL 'excel-add-ins-javascript-programming-overview.md'
Error: \reference\excel\application.md: BookmarkMissing: for link 'calculate(calculationType: string)' to URL '#calculatecalculationtype-string'
Error: \reference\excel\application.md: BookmarkMissing: for link 'load(param: object)' to URL '#loadparam-object'
Error: \reference\excel\binding.md: BookmarkMissing: for link 'getRange()' to URL '#getrange'
Error: \reference\excel\binding.md: BookmarkMissing: for link 'getTable()' to URL '#gettable'
Error: \reference\excel\binding.md: BookmarkMissing: for link 'getText()' to URL '#gettext'
Error: \reference\excel\binding.md: BookmarkMissing: for link 'load(param: object)' to URL '#loadparam-object'
Error: \reference\excel\bindingcollection.md: BookmarkMissing: for link 'getItem(id: string)' to URL '#getitemid-string'
Error: \reference\excel\bindingcollection.md: BookmarkMissing: for link 'getItemAt(index: number)' to URL '#getitematindex-number'
Error: \reference\excel\bindingcollection.md: BookmarkMissing: for link 'load(param: object)' to URL '#loadparam-object'
Error: \reference\excel\chart.md: BookmarkMissing: for link 'delete()' to URL '#delete'
Error: \reference\excel\chart.md: BookmarkMissing: for link 'getImage(height: number, width: number, fittingMode: string)' to URL '#getimageheight-number-width-number-fittingmode-string'
Error: \reference\excel\chart.md: Destination missing for link 'System.IO.Stream' to URL 'system.io.stream.md'
Error: \reference\excel\chart.md: BookmarkMissing: for link 'load(param: object)' to URL '#loadparam-object'
Error: \reference\excel\chart.md: BookmarkMissing: for link 'setData(sourceData: Range, seriesBy: string)' to URL '#setdatasourcedata-range-seriesby-string'
Error: \reference\excel\chart.md: BookmarkMissing: for link 'setPosition(startCell: Range or string, endCell: Range or string)' to URL '#setpositionstartcell-range-or-string-endcell-range-or-string'
Error: \reference\excel\chart.md: Destination missing for link 'System.IO.Stream' to URL 'system.io.stream.md'
Error: \reference\excel\chartareaformat.md: BookmarkMissing: for link 'load(param: object)' to URL '#loadparam-object'
Error: \reference\excel\chartaxes.md: BookmarkMissing: for link 'load(param: object)' to URL '#loadparam-object'
Error: \reference\excel\chartaxis.md: BookmarkMissing: for link 'load(param: object)' to URL '#loadparam-object'
Error: \reference\excel\chartaxisformat.md: BookmarkMissing: for link 'load(param: object)' to URL '#loadparam-object'
Error: \reference\excel\chartaxistitle.md: BookmarkMissing: for link 'load(param: object)' to URL '#loadparam-object'
Error: \reference\excel\chartaxistitleformat.md: BookmarkMissing: for link 'load(param: object)' to URL '#loadparam-object'
Error: \reference\excel\chartcollection.md: BookmarkMissing: for link 'add(type: string, sourceData: Range, seriesBy: string)' to URL '#addtype-string-sourcedata-range-seriesby-string'
Error: \reference\excel\chartcollection.md: BookmarkMissing: for link 'getItem(name: string)' to URL '#getitemname-string'
Error: \reference\excel\chartcollection.md: BookmarkMissing: for link 'getItemAt(index: number)' to URL '#getitematindex-number'
Error: \reference\excel\chartcollection.md: BookmarkMissing: for link 'load(param: object)' to URL '#loadparam-object'
Error: \reference\excel\chartdatalabelformat.md: BookmarkMissing: for link 'load(param: object)' to URL '#loadparam-object'
Error: \reference\excel\chartdatalabels.md: BookmarkMissing: for link 'load(param: object)' to URL '#loadparam-object'
Error: \reference\excel\chartfill.md: BookmarkMissing: for link 'clear()' to URL '#clear'
Error: \reference\excel\chartfill.md: BookmarkMissing: for link 'setSolidColor(color: string)' to URL '#setsolidcolorcolor-string'
Error: \reference\excel\chartfont.md: BookmarkMissing: for link 'load(param: object)' to URL '#loadparam-object'
Error: \reference\excel\chartgridlines.md: BookmarkMissing: for link 'load(param: object)' to URL '#loadparam-object'
Error: \reference\excel\chartgridlinesformat.md: BookmarkMissing: for link 'load(param: object)' to URL '#loadparam-object'
Error: \reference\excel\chartlegend.md: BookmarkMissing: for link 'load(param: object)' to URL '#loadparam-object'
Error: \reference\excel\chartlegendformat.md: BookmarkMissing: for link 'load(param: object)' to URL '#loadparam-object'
Error: \reference\excel\chartlineformat.md: BookmarkMissing: for link 'clear()' to URL '#clear'
Error: \reference\excel\chartlineformat.md: BookmarkMissing: for link 'load(param: object)' to URL '#loadparam-object'
Error: \reference\excel\chartpoint.md: BookmarkMissing: for link 'load(param: object)' to URL '#loadparam-object'
Error: \reference\excel\chartpointformat.md: BookmarkMissing: for link 'load(param: object)' to URL '#loadparam-object'
Error: \reference\excel\chartpointscollection.md: BookmarkMissing: for link 'getItemAt(index: number)' to URL '#getitematindex-number'
Error: \reference\excel\chartpointscollection.md: BookmarkMissing: for link 'load(param: object)' to URL '#loadparam-object'
Error: \reference\excel\chartseries.md: BookmarkMissing: for link 'load(param: object)' to URL '#loadparam-object'
Error: \reference\excel\chartseriescollection.md: BookmarkMissing: for link 'getItemAt(index: number)' to URL '#getitematindex-number'
Error: \reference\excel\chartseriescollection.md: BookmarkMissing: for link 'load(param: object)' to URL '#loadparam-object'
Error: \reference\excel\chartseriesformat.md: BookmarkMissing: for link 'load(param: object)' to URL '#loadparam-object'
Error: \reference\excel\charttitle.md: BookmarkMissing: for link 'load(param: object)' to URL '#loadparam-object'
Error: \reference\excel\charttitleformat.md: BookmarkMissing: for link 'load(param: object)' to URL '#loadparam-object'
Error: \reference\excel\filter.md: BookmarkMissing: for link 'apply(criteria: FilterCriteria)' to URL '#applycriteria-filtercriteria'
Error: \reference\excel\filter.md: BookmarkMissing: for link 'applyBottomItemsFilter(count: number)' to URL '#applybottomitemsfiltercount-number'
Error: \reference\excel\filter.md: BookmarkMissing: for link 'applyBottomPercentFilter(percent: number)' to URL '#applybottompercentfilterpercent-number'
Error: \reference\excel\filter.md: BookmarkMissing: for link 'applyCellColorFilter(color: string)' to URL '#applycellcolorfiltercolor-string'
Error: \reference\excel\filter.md: BookmarkMissing: for link 'applyCustomFilter(criteria1: string, criteria2: string, oper: FilterOperator)' to URL '#applycustomfiltercriteria1-string-criteria2-string-oper-filteroperator'
Error: \reference\excel\filter.md: BookmarkMissing: for link 'applyDynamicFilter(criteria: string)' to URL '#applydynamicfiltercriteria-string'
Error: \reference\excel\filter.md: BookmarkMissing: for link 'applyFontColorFilter(color: string)' to URL '#applyfontcolorfiltercolor-string'
Error: \reference\excel\filter.md: BookmarkMissing: for link 'applyIconFilter(icon: Icon)' to URL '#applyiconfiltericon-icon'
Error: \reference\excel\filter.md: BookmarkMissing: for link 'applyTopItemsFilter(count: number)' to URL '#applytopitemsfiltercount-number'
Error: \reference\excel\filter.md: BookmarkMissing: for link 'applyTopPercentFilter(percent: number)' to URL '#applytoppercentfilterpercent-number'
Error: \reference\excel\filter.md: BookmarkMissing: for link 'applyValuesFilter(values: ()[])' to URL '#applyvaluesfiltervalues-'
Error: \reference\excel\filter.md: BookmarkMissing: for link 'clear()' to URL '#clear'
Error: \reference\excel\filter.md: BookmarkMissing: for link 'load(param: object)' to URL '#loadparam-object'
Error: \reference\excel\filter.md: Link specifies ID '' which was not found in the document.
Error: \reference\excel\filtercriteria.md: Link specifies ID '' which was not found in the document.
Error: \reference\excel\filtercriteria.md: BookmarkMissing: for link 'examples.' to URL '#property-access-examples'
Error: \reference\excel\filtercriteria.md: Destination missing for link 'FilterOperator' to URL 'filteroperator.md'
Error: \reference\excel\filtercriteria.md: BookmarkMissing: for link 'load(param: object)' to URL '#loadparam-object'
Error: \reference\excel\filterdatetime.md: BookmarkMissing: for link 'examples.' to URL '#property-access-examples'
Error: \reference\excel\filterdatetime.md: BookmarkMissing: for link 'load(param: object)' to URL '#loadparam-object'
Error: \reference\excel\formatprotection.md: BookmarkMissing: for link 'examples.' to URL '#property-access-examples'
Error: \reference\excel\formatprotection.md: BookmarkMissing: for link 'load(param: object)' to URL '#loadparam-object'
Error: \reference\excel\functions.md: Destination missing for link 'Sample' to URL '../images/worksheetfunctionschainingResult.JPG'
Error: \reference\excel\functions.md: BookmarkMissing: for link 'List of Supported Worksheet Functions' to URL '#list'
Error: \reference\excel\icon.md: BookmarkMissing: for link 'examples.' to URL '#property-access-examples'
Error: \reference\excel\icon.md: BookmarkMissing: for link 'load(param: object)' to URL '#loadparam-object'
Error: \reference\excel\loadoption.md: Link specifies ID ' "property1", "relationship1"' which was not found in the document.
Error: \reference\excel\loadoption.md: Link specifies ID ' "relationship1", "relationship2"' which was not found in the document.
Error: \reference\excel\nameditem.md: BookmarkMissing: for link 'getRange()' to URL '#getrange'
Error: \reference\excel\nameditem.md: BookmarkMissing: for link 'load(param: object)' to URL '#loadparam-object'
Error: \reference\excel\nameditemcollection.md: BookmarkMissing: for link 'getItem(name: string)' to URL '#getitemname-string'
Error: \reference\excel\nameditemcollection.md: BookmarkMissing: for link 'load(param: object)' to URL '#loadparam-object'
Error: \reference\excel\range.md: Link specifies ID '' which was not found in the document.
Error: \reference\excel\range.md: BookmarkMissing: for link 'clear(applyTo: string)' to URL '#clearapplyto-string'
Error: \reference\excel\range.md: BookmarkMissing: for link 'delete(shift: string)' to URL '#deleteshift-string'
Error: \reference\excel\range.md: BookmarkMissing: for link 'getBoundingRect(anotherRange: Range or string)' to URL '#getboundingrectanotherrange-range-or-string'
Error: \reference\excel\range.md: BookmarkMissing: for link 'getCell(row: number, column: number)' to URL '#getcellrow-number-column-number'
Error: \reference\excel\range.md: BookmarkMissing: for link 'getColumn(column: number)' to URL '#getcolumncolumn-number'
Error: \reference\excel\range.md: BookmarkMissing: for link 'getEntireColumn()' to URL '#getentirecolumn'
Error: \reference\excel\range.md: BookmarkMissing: for link 'getEntireRow()' to URL '#getentirerow'
Error: \reference\excel\range.md: BookmarkMissing: for link 'getIntersection(anotherRange: Range or string)' to URL '#getintersectionanotherrange-range-or-string'
Error: \reference\excel\range.md: BookmarkMissing: for link 'getLastCell()' to URL '#getlastcell'
Error: \reference\excel\range.md: BookmarkMissing: for link 'getLastColumn()' to URL '#getlastcolumn'
Error: \reference\excel\range.md: BookmarkMissing: for link 'getLastRow()' to URL '#getlastrow'
Error: \reference\excel\range.md: BookmarkMissing: for link 'getOffsetRange(rowOffset: number, columnOffset: number)' to URL '#getoffsetrangerowoffset-number-columnoffset-number'
Error: \reference\excel\range.md: BookmarkMissing: for link 'getRow(row: number)' to URL '#getrowrow-number'
Error: \reference\excel\range.md: BookmarkMissing: for link 'getUsedRange(valuesOnly: bool)' to URL '#getusedrangevaluesonly-bool'
Error: \reference\excel\range.md: BookmarkMissing: for link 'insert(shift: string)' to URL '#insertshift-string'
Error: \reference\excel\range.md: BookmarkMissing: for link 'load(param: object)' to URL '#loadparam-object'
Error: \reference\excel\range.md: BookmarkMissing: for link 'merge(across: bool)' to URL '#mergeacross-bool'
Error: \reference\excel\range.md: BookmarkMissing: for link 'select()' to URL '#select'
Error: \reference\excel\range.md: BookmarkMissing: for link 'unmerge()' to URL '#unmerge'
Error: \reference\excel\rangeborder.md: BookmarkMissing: for link 'load(param: object)' to URL '#loadparam-object'
Error: \reference\excel\rangebordercollection.md: BookmarkMissing: for link 'getItem(index: string)' to URL '#getitemindex-string'
Error: \reference\excel\rangebordercollection.md: BookmarkMissing: for link 'getItemAt(index: number)' to URL '#getitematindex-number'
Error: \reference\excel\rangebordercollection.md: BookmarkMissing: for link 'load(param: object)' to URL '#loadparam-object'
Error: \reference\excel\rangefill.md: BookmarkMissing: for link 'clear()' to URL '#clear'
Error: \reference\excel\rangefill.md: BookmarkMissing: for link 'load(param: object)' to URL '#loadparam-object'
Error: \reference\excel\rangefont.md: BookmarkMissing: for link 'load(param: object)' to URL '#loadparam-object'
Error: \reference\excel\rangeformat.md: BookmarkMissing: for link 'autofitColumns()' to URL '#autofitcolumns'
Error: \reference\excel\rangeformat.md: BookmarkMissing: for link 'autofitRows()' to URL '#autofitrows'
Error: \reference\excel\rangeformat.md: BookmarkMissing: for link 'load(param: object)' to URL '#loadparam-object'
Error: \reference\excel\rangereference.md: BookmarkMissing: for link 'examples.' to URL '#property-access-examples'
Error: \reference\excel\rangereference.md: BookmarkMissing: for link 'load(param: object)' to URL '#loadparam-object'
Error: \reference\excel\rangesort.md: BookmarkMissing: for link 'apply(fields: SortField[], matchCase: bool, hasHeaders: bool, orientation: string, method: string)' to URL '#applyfields-sortfield-matchcase-bool-hasheaders-bool-orientation-string-method-string'
Error: \reference\excel\rangesort.md: Link specifies ID '' which was not found in the document.
Error: \reference\excel\requestcontext.md: BookmarkMissing: for link 'load(object: object, option: object)' to URL '#loadobject-object-option-object'
Error: \reference\excel\sortfield.md: BookmarkMissing: for link 'examples.' to URL '#property-access-examples'
Error: \reference\excel\sortfield.md: BookmarkMissing: for link 'load(param: object)' to URL '#loadparam-object'
Error: \reference\excel\table.md: BookmarkMissing: for link 'clearFilters()' to URL '#clearfilters'
Error: \reference\excel\table.md: BookmarkMissing: for link 'convertToRange()' to URL '#converttorange'
Error: \reference\excel\table.md: BookmarkMissing: for link 'delete()' to URL '#delete'
Error: \reference\excel\table.md: BookmarkMissing: for link 'getDataBodyRange()' to URL '#getdatabodyrange'
Error: \reference\excel\table.md: BookmarkMissing: for link 'getHeaderRowRange()' to URL '#getheaderrowrange'
Error: \reference\excel\table.md: BookmarkMissing: for link 'getRange()' to URL '#getrange'
Error: \reference\excel\table.md: BookmarkMissing: for link 'getTotalRowRange()' to URL '#gettotalrowrange'
Error: \reference\excel\table.md: BookmarkMissing: for link 'load(param: object)' to URL '#loadparam-object'
Error: \reference\excel\table.md: BookmarkMissing: for link 'reapplyFilters()' to URL '#reapplyfilters'
Error: \reference\excel\tablecollection.md: BookmarkMissing: for link 'add(address: string, hasHeaders: bool)' to URL '#addaddress-string-hasheaders-bool'
Error: \reference\excel\tablecollection.md: BookmarkMissing: for link 'getItem(key: number or string)' to URL '#getitemkey-number-or-string'
Error: \reference\excel\tablecollection.md: BookmarkMissing: for link 'getItemAt(index: number)' to URL '#getitematindex-number'
Error: \reference\excel\tablecollection.md: BookmarkMissing: for link 'load(param: object)' to URL '#loadparam-object'
Error: \reference\excel\tablecolumn.md: Link specifies ID '' which was not found in the document.
Error: \reference\excel\tablecolumn.md: BookmarkMissing: for link 'delete()' to URL '#delete'
Error: \reference\excel\tablecolumn.md: BookmarkMissing: for link 'getDataBodyRange()' to URL '#getdatabodyrange'
Error: \reference\excel\tablecolumn.md: BookmarkMissing: for link 'getHeaderRowRange()' to URL '#getheaderrowrange'
Error: \reference\excel\tablecolumn.md: BookmarkMissing: for link 'getRange()' to URL '#getrange'
Error: \reference\excel\tablecolumn.md: BookmarkMissing: for link 'getTotalRowRange()' to URL '#gettotalrowrange'
Error: \reference\excel\tablecolumn.md: BookmarkMissing: for link 'load(param: object)' to URL '#loadparam-object'
Error: \reference\excel\tablecolumncollection.md: BookmarkMissing: for link 'add(index: number, values: (boolean or string or number)[][])' to URL '#addindex-number-values-boolean-or-string-or-number'
Error: \reference\excel\tablecolumncollection.md: BookmarkMissing: for link 'getItem(key: number or string)' to URL '#getitemkey-number-or-string'
Error: \reference\excel\tablecolumncollection.md: BookmarkMissing: for link 'getItemAt(index: number)' to URL '#getitematindex-number'
Error: \reference\excel\tablecolumncollection.md: BookmarkMissing: for link 'load(param: object)' to URL '#loadparam-object'
Error: \reference\excel\tablecolumncollection.md: Link specifies ID '' which was not found in the document.
Error: \reference\excel\tablerow.md: Link specifies ID '' which was not found in the document.
Error: \reference\excel\tablerow.md: BookmarkMissing: for link 'delete()' to URL '#delete'
Error: \reference\excel\tablerow.md: BookmarkMissing: for link 'getRange()' to URL '#getrange'
Error: \reference\excel\tablerow.md: BookmarkMissing: for link 'load(param: object)' to URL '#loadparam-object'
Error: \reference\excel\tablerowcollection.md: BookmarkMissing: for link 'add(index: number, values: (boolean or string or number)[][])' to URL '#addindex-number-values-boolean-or-string-or-number'
Error: \reference\excel\tablerowcollection.md: BookmarkMissing: for link 'getItemAt(index: number)' to URL '#getitematindex-number'
Error: \reference\excel\tablerowcollection.md: BookmarkMissing: for link 'load(param: object)' to URL '#loadparam-object'
Error: \reference\excel\tablerowcollection.md: Link specifies ID '' which was not found in the document.
Error: \reference\excel\tablesort.md: BookmarkMissing: for link 'apply(fields: SortField[], matchCase: bool, method: string)' to URL '#applyfields-sortfield-matchcase-bool-method-string'
Error: \reference\excel\tablesort.md: BookmarkMissing: for link 'clear()' to URL '#clear'
Error: \reference\excel\tablesort.md: BookmarkMissing: for link 'load(param: object)' to URL '#loadparam-object'
Error: \reference\excel\tablesort.md: BookmarkMissing: for link 'reapply()' to URL '#reapply'
Error: \reference\excel\tablesort.md: Link specifies ID '' which was not found in the document.
Error: \reference\excel\trackedobjectscollection.md: BookmarkMissing: for link 'add(rangeObject: Range)' to URL '#addrangeobject-range'
Error: \reference\excel\trackedobjectscollection.md: BookmarkMissing: for link 'remove(rangeObject: Range)' to URL '#removerangeobject-range'
Error: \reference\excel\trackedobjectscollection.md: BookmarkMissing: for link 'removeAll()' to URL '#removeall'
Error: \reference\excel\workbook.md: BookmarkMissing: for link 'getSelectedRange()' to URL '#getselectedrange'
Error: \reference\excel\workbook.md: BookmarkMissing: for link 'load(param: object)' to URL '#loadparam-object'
Error: \reference\excel\worksheet.md: BookmarkMissing: for link 'activate()' to URL '#activate'
Error: \reference\excel\worksheet.md: BookmarkMissing: for link 'delete()' to URL '#delete'
Error: \reference\excel\worksheet.md: BookmarkMissing: for link 'getCell(row: number, column: number)' to URL '#getcellrow-number-column-number'
Error: \reference\excel\worksheet.md: BookmarkMissing: for link 'getRange(address: string)' to URL '#getrangeaddress-string'
Error: \reference\excel\worksheet.md: BookmarkMissing: for link 'getUsedRange(valuesOnly: bool)' to URL '#getusedrangevaluesonly-bool'
Error: \reference\excel\worksheet.md: BookmarkMissing: for link 'load(param: object)' to URL '#loadparam-object'
Error: \reference\excel\worksheetcollection.md: BookmarkMissing: for link 'add(name: string)' to URL '#addname-string'
Error: \reference\excel\worksheetcollection.md: BookmarkMissing: for link 'getActiveWorksheet()' to URL '#getactiveworksheet'
Error: \reference\excel\worksheetcollection.md: BookmarkMissing: for link 'getItem(key: string)' to URL '#getitemkey-string'
Error: \reference\excel\worksheetcollection.md: BookmarkMissing: for link 'load(param: object)' to URL '#loadparam-object'
Error: \reference\excel\worksheetprotection.md: BookmarkMissing: for link 'load(param: object)' to URL '#loadparam-object'
Error: \reference\excel\worksheetprotection.md: BookmarkMissing: for link 'protect(options: WorksheetProtectionOptions, password: string)' to URL '#protectoptions-worksheetprotectionoptions-password-string'
Error: \reference\excel\worksheetprotection.md: BookmarkMissing: for link 'unprotect(password: string)' to URL '#unprotectpassword-string'
Error: \reference\excel\worksheetprotectionoptions.md: BookmarkMissing: for link 'examples.' to URL '#property-access-examples'
Error: \reference\excel\worksheetprotectionoptions.md: BookmarkMissing: for link 'load(param: object)' to URL '#loadparam-object'
Error: \reference\manifest\method.md: BookmarkMissing: for link 'Specify Office hosts and API requirements' to URL '../../docs/overview/specify-office-hosts-and-api-requirements.md#SpecifyRequirementSets_intro'
Error: \reference\manifest\method.md: BookmarkMissing: for link 'Understanding the JavaScript API for Office' to URL '../../docs/develop/understanding-the-javascript-api-for-office.md#HostAPISupport_UsingIfStatements'
Error: \reference\manifest\methods.md: BookmarkMissing: for link 'Specify Office hosts and API requirements' to URL '../../docs/overview/specify-office-hosts-and-api-requirements.md#SpecifyRequirementSets_intro'
Error: \reference\manifest\override.md: BookmarkMissing: for link 'Localization for Office Add-ins' to URL '../../docs/develop/localization.md#off15wecon_LocalesManifest'
Error: \reference\manifest\requirements.md: BookmarkMissing: for link 'requirement sets' to URL '../../docs/overview/specify-office-hosts-and-api-requirements.md#SpecifyRequirementSets_sets'
Error: \reference\manifest\rule.md: BookmarkMissing: for link 'Activation rules for Outlook add-ins' to URL '../../docs/outlook/manifests/activation-rules.md#MailAppDefineRules_ItemIs'
Error: \reference\manifest\set.md: BookmarkMissing: for link 'requirement set' to URL '../../docs/overview/specify-office-hosts-and-api-requirements.md#SpecifyRequirementSets_sets'
Error: \reference\manifest\set.md: BookmarkMissing: for link 'Specify Office hosts and API requirements' to URL '../../docs/overview/specify-office-hosts-and-api-requirements.md#SpecifyRequirementSets_intro'
Error: \reference\manifest\set.md: BookmarkMissing: for link 'Specify Office hosts and API requirements' to URL '../../docs/overview/specify-office-hosts-and-api-requirements.md#SpecifyRequirementSets_minversion'
Error: \reference\manifest\sets.md: BookmarkMissing: for link 'Specify Office hosts and API requirements' to URL '../../docs/overview/specify-office-hosts-and-api-requirements.md#SpecifyRequirementSets_minversion'
Error: \reference\outlook\Body.md: Link specifies ID 'options' which was not found in the document.
Error: \reference\outlook\Body.md: Link specifies ID 'callback' which was not found in the document.
Error: \reference\outlook\Body.md: BookmarkMissing: for link 'Office.CoercionType' to URL 'Office.md#coerciontype-string'
Error: \reference\outlook\Body.md: BookmarkMissing: for link 'CoercionType' to URL 'Office.md#coerciontype-string'
Error: \reference\outlook\Body.md: BookmarkMissing: for link '`setSelectedDataAsync`' to URL 'Body.md#setSelectedDataAsync'
Error: \reference\outlook\CustomProperties.md: BookmarkMissing: for link '`saveAsync`' to URL 'CustomProperties.md#saveAsync'
Error: \reference\outlook\CustomProperties.md: BookmarkMissing: for link '`get`' to URL 'CustomProperties.md#get'
Error: \reference\outlook\CustomProperties.md: BookmarkMissing: for link '`set`' to URL 'CustomProperties.md#set'
Error: \reference\outlook\CustomProperties.md: BookmarkMissing: for link '`saveAsync`' to URL 'CustomProperties.md#saveAsync'
Error: \reference\outlook\CustomProperties.md: Link specifies ID 'callback' which was not found in the document.
Error: \reference\outlook\CustomProperties.md: Link specifies ID 'asyncContext' which was not found in the document.
Error: \reference\outlook\CustomProperties.md: BookmarkMissing: for link '`set`' to URL 'CustomProperties.md#set'
Error: \reference\outlook\CustomProperties.md: BookmarkMissing: for link '`remove`' to URL 'CustomProperties.md#remove'
Error: \reference\outlook\CustomProperties.md: BookmarkMissing: for link '`saveAsync`' to URL 'CustomProperties.md#saveAsync'
Error: \reference\outlook\CustomProperties.md: BookmarkMissing: for link '`get`' to URL 'CustomProperties.md#get'
Error: \reference\outlook\CustomProperties.md: BookmarkMissing: for link '`set`' to URL 'CustomProperties.md#set'
Error: \reference\outlook\CustomProperties.md: BookmarkMissing: for link '`saveAsync`' to URL 'CustomProperties.md#saveAsync'
Error: \reference\outlook\Location.md: Link specifies ID 'options' which was not found in the document.
Error: \reference\outlook\Location.md: Link specifies ID 'callback' which was not found in the document.
Error: \reference\outlook\NotificationMessages.md: BookmarkMissing: for link '`notificationMessages`' to URL 'Office.context.mailbox.item.md#notificationmessages-notificationmessages'
Error: \reference\outlook\NotificationMessages.md: Link specifies ID 'options' which was not found in the document.
Error: \reference\outlook\NotificationMessages.md: Link specifies ID 'callback' which was not found in the document.
Error: \reference\outlook\Office.context.mailbox.item.md: BookmarkMissing: for link 'itemType' to URL 'Office.context.mailbox.item.md#itemtype-officemailboxenumsitemtype'
Error: \reference\outlook\Office.context.mailbox.item.md: BookmarkMissing: for link '`convertToLocalClientTime`' to URL 'Office.context.mailbox.md#converttolocalclienttimetimevalue--localclienttime'
Error: \reference\outlook\Office.context.mailbox.item.md: BookmarkMissing: for link '`Time.setAsync`' to URL 'Time.md#setasync'
Error: \reference\outlook\Office.context.mailbox.item.md: BookmarkMissing: for link '`convertToUtcClientTime`' to URL 'Office.context.mailbox.md#converttoutcclienttimeinput--date'
Error: \reference\outlook\Office.context.mailbox.item.md: BookmarkMissing: for link '`setAsync`' to URL 'Time.md#setasync'
Error: \reference\outlook\Office.context.mailbox.item.md: BookmarkMissing: for link '`sender`' to URL 'Office.context.mailbox.item.md#sender'
Error: \reference\outlook\Office.context.mailbox.item.md: BookmarkMissing: for link '`saveAsync`' to URL 'Office.context.mailbox.item.md#saveAsync'
Error: \reference\outlook\Office.context.mailbox.item.md: BookmarkMissing: for link 'Office.MailboxEnums.ItemType' to URL 'Office.MailboxEnums.md#itemtype-string'
Error: \reference\outlook\Office.context.mailbox.item.md: BookmarkMissing: for link 'Office.MailboxEnums.ItemType' to URL 'Office.MailboxEnums.md#itemtype-string'
Error: \reference\outlook\Office.context.mailbox.item.md: BookmarkMissing: for link '`subject`' to URL 'Office.context.mailbox.item.md#subject'
Error: \reference\outlook\Office.context.mailbox.item.md: BookmarkMissing: for link '`from`' to URL 'Office.context.mailbox.item.md#from'
Error: \reference\outlook\Office.context.mailbox.item.md: BookmarkMissing: for link '`convertToLocalClientTime`' to URL 'Office.context.mailbox.md#converttolocalclienttimetimevalue--localclienttime'
Error: \reference\outlook\Office.context.mailbox.item.md: BookmarkMissing: for link '`Time.setAsync`' to URL 'Time.md#setasync'
Error: \reference\outlook\Office.context.mailbox.item.md: BookmarkMissing: for link '`convertToUtcClientTime`' to URL 'Office.context.mailbox.md#converttoutcclienttimeinput--date'
Error: \reference\outlook\Office.context.mailbox.item.md: BookmarkMissing: for link '`setAsync`' to URL 'Time.md#setasync'
Error: \reference\outlook\Office.context.mailbox.item.md: BookmarkMissing: for link '`normalizedSubject`' to URL 'Office.context.mailbox.item.md#normalizedsubject-string'
Error: \reference\outlook\Office.context.mailbox.item.md: Link specifies ID 'options' which was not found in the document.
Error: \reference\outlook\Office.context.mailbox.item.md: Link specifies ID 'callback' which was not found in the document.
Error: \reference\outlook\Office.context.mailbox.item.md: BookmarkMissing: for link '`removeAttachmentAsync`' to URL 'Office.context.mailbox.item.md#removeAttachmentAsync'
Error: \reference\outlook\Office.context.mailbox.item.md: BookmarkMissing: for link '`removeAttachmentAsync`' to URL 'Office.context.mailbox.item.md#removeAttachmentAsync'
Error: \reference\outlook\Office.context.mailbox.item.md: BookmarkMissing: for link 'Office.MailboxEnums.EntityType' to URL 'Office.MailboxEnums.md#.EntityType'
Error: \reference\outlook\Office.context.mailbox.item.md: BookmarkMissing: for link '`Body.getAsync`' to URL 'Body.md#getAsync'
Error: \reference\outlook\Office.context.mailbox.item.md: BookmarkMissing: for link 'Office.CoercionType' to URL 'Office.md#coerciontype-string'
Error: \reference\outlook\Office.context.mailbox.item.md: Link specifies ID 'userContext' which was not found in the document.
Error: \reference\outlook\Office.context.mailbox.md: Link specifies ID 'userContext' which was not found in the document.
Error: \reference\outlook\Recipients.md: Link specifies ID 'options' which was not found in the document.
Error: \reference\outlook\Recipients.md: Link specifies ID 'callback' which was not found in the document.
Error: \reference\outlook\RoamingSettings.md: BookmarkMissing: for link '`roamingSettings`' to URL 'Office.context.md#roamingSettings'
Error: \reference\outlook\RoamingSettings.md: Link specifies ID 'callback' which was not found in the document.
Error: \reference\outlook\RoamingSettings.md: BookmarkMissing: for link '`set`' to URL 'RoamingSettings.md#set'
Error: \reference\outlook\RoamingSettings.md: BookmarkMissing: for link '`get`' to URL 'RoamingSettings.md#get'
Error: \reference\outlook\RoamingSettings.md: BookmarkMissing: for link '`saveAsync`' to URL 'RoamingSettings.md#saveAsync'
Error: \reference\outlook\simple-types.md: BookmarkMissing: for link 'Office.AsyncResultStatus' to URL 'Office.md#.AsyncResultStatus'
Error: \reference\outlook\simple-types.md: BookmarkMissing: for link 'Office.MailboxEnums.AttachmentType' to URL 'Office.MailboxEnums.md#attachmenttype-string'
Error: \reference\outlook\simple-types.md: BookmarkMissing: for link 'Office.MailboxEnums.ResponseType' to URL 'Office.MailboxEnums.md#responsetype-string'
Error: \reference\outlook\simple-types.md: BookmarkMissing: for link '`optionalAttendees`' to URL 'Office.context.mailbox.item.md#optionalAttendees'
Error: \reference\outlook\simple-types.md: BookmarkMissing: for link '`requiredAttendees`' to URL 'Office.context.mailbox.item.md#requiredAttendees'
Error: \reference\outlook\simple-types.md: BookmarkMissing: for link 'Office.MailboxEnums.RecipientType' to URL 'Office.MailboxEnums.md#recipienttype-string'
Error: \reference\outlook\simple-types.md: BookmarkMissing: for link '`getEntities`' to URL 'Office.context.mailbox.item.md#getEntities'
Error: \reference\outlook\simple-types.md: BookmarkMissing: for link '`getEntitiesByType`' to URL 'Office.context.mailbox.item.md#getEntitiesByType'
Error: \reference\outlook\simple-types.md: BookmarkMissing: for link '`NotificationMessages.getAllAsync`' to URL 'NotificationMessages.md#getAllAsync'
Error: \reference\outlook\simple-types.md: BookmarkMissing: for link 'Office.MailboxEnums.ItemNotificationMessageType' to URL 'Office.MailboxEnums.md#.ItemNotificationMessageType'
Error: \reference\outlook\simple-types.md: BookmarkMissing: for link '`getEntities`' to URL 'Office.context.mailbox.item.md#getEntities'
Error: \reference\outlook\simple-types.md: Link specifies ID '`Entities`' which was not found in the document.
Error: \reference\outlook\simple-types.md: BookmarkMissing: for link '`getEntities`' to URL 'Office.context.mailbox.item.md#getEntities'
Error: \reference\outlook\simple-types.md: BookmarkMissing: for link '`getEntitiesByType`' to URL 'Office.context.mailbox.item.md#getEntitiesByType'
Error: \reference\outlook\Subject.md: Link specifies ID 'options' which was not found in the document.
Error: \reference\outlook\Subject.md: Link specifies ID 'callback' which was not found in the document.
Error: \reference\outlook\Time.md: BookmarkMissing: for link '`start`' to URL 'Office.context.mailbox.item.md#start-datetime'
Error: \reference\outlook\Time.md: BookmarkMissing: for link '`end`' to URL 'Office.context.mailbox.item.md#end-datetime'
Error: \reference\outlook\Time.md: Link specifies ID 'options' which was not found in the document.
Error: \reference\outlook\Time.md: BookmarkMissing: for link '`convertToLocalClientTime`' to URL 'Office.context.mailbox.md#converttolocalclienttimetimevalue--localclienttime'
Error: \reference\outlook\Time.md: Link specifies ID 'callback' which was not found in the document.
Error: \reference\outlook\Time.md: BookmarkMissing: for link '`start`' to URL 'Office.context.mailbox.item.md#start-datetime'
Error: \reference\outlook\Time.md: BookmarkMissing: for link '`end`' to URL 'Office.context.mailbox.item.md#end-datetime'
Error: \reference\outlook\Time.md: BookmarkMissing: for link '`convertToUtcClientTime`' to URL 'Office.context.mailbox.md#converttoutcclienttimeinput--date'
Error: \reference\outlook\1.1\Body.md: Link specifies ID 'options' which was not found in the document.
Error: \reference\outlook\1.1\Body.md: Link specifies ID 'callback' which was not found in the document.
Error: \reference\outlook\1.1\Body.md: BookmarkMissing: for link 'CoercionType' to URL 'Office.md#coerciontype-string'
Error: \reference\outlook\1.1\Body.md: BookmarkMissing: for link '`setSelectedDataAsync`' to URL 'Body.md#setSelectedDataAsync'
Error: \reference\outlook\1.1\CustomProperties.md: BookmarkMissing: for link '`saveAsync`' to URL 'CustomProperties.md#saveAsync'
Error: \reference\outlook\1.1\CustomProperties.md: BookmarkMissing: for link '`get`' to URL 'CustomProperties.md#get'
Error: \reference\outlook\1.1\CustomProperties.md: BookmarkMissing: for link '`set`' to URL 'CustomProperties.md#set'
Error: \reference\outlook\1.1\CustomProperties.md: BookmarkMissing: for link '`saveAsync`' to URL 'CustomProperties.md#saveAsync'
Error: \reference\outlook\1.1\CustomProperties.md: Link specifies ID 'callback' which was not found in the document.
Error: \reference\outlook\1.1\CustomProperties.md: Link specifies ID 'asyncContext' which was not found in the document.
Error: \reference\outlook\1.1\CustomProperties.md: BookmarkMissing: for link '`set`' to URL 'CustomProperties.md#set'
Error: \reference\outlook\1.1\CustomProperties.md: BookmarkMissing: for link '`remove`' to URL 'CustomProperties.md#remove'
Error: \reference\outlook\1.1\CustomProperties.md: BookmarkMissing: for link '`saveAsync`' to URL 'CustomProperties.md#saveAsync'
Error: \reference\outlook\1.1\CustomProperties.md: BookmarkMissing: for link '`get`' to URL 'CustomProperties.md#get'
Error: \reference\outlook\1.1\CustomProperties.md: BookmarkMissing: for link '`set`' to URL 'CustomProperties.md#set'
Error: \reference\outlook\1.1\CustomProperties.md: BookmarkMissing: for link '`saveAsync`' to URL 'CustomProperties.md#saveAsync'
Error: \reference\outlook\1.1\Location.md: Link specifies ID 'options' which was not found in the document.
Error: \reference\outlook\1.1\Location.md: Link specifies ID 'callback' which was not found in the document.
Error: \reference\outlook\1.1\Office.context.mailbox.item.md: BookmarkMissing: for link 'itemType' to URL 'Office.context.mailbox.item.md#itemtype-officemailboxenumsitemtype'
Error: \reference\outlook\1.1\Office.context.mailbox.item.md: BookmarkMissing: for link '`convertToLocalClientTime`' to URL 'Office.context.mailbox.md#converttolocalclienttimetimevalue--localclienttime'
Error: \reference\outlook\1.1\Office.context.mailbox.item.md: BookmarkMissing: for link '`Time.setAsync`' to URL 'Time.md#setasync'
Error: \reference\outlook\1.1\Office.context.mailbox.item.md: BookmarkMissing: for link '`convertToUtcClientTime`' to URL 'Office.context.mailbox.md#converttoutcclienttimeinput--date'
Error: \reference\outlook\1.1\Office.context.mailbox.item.md: BookmarkMissing: for link '`setAsync`' to URL 'Time.md#setasync'
Error: \reference\outlook\1.1\Office.context.mailbox.item.md: BookmarkMissing: for link '`sender`' to URL 'Office.context.mailbox.item.md#sender'
Error: \reference\outlook\1.1\Office.context.mailbox.item.md: BookmarkMissing: for link '`saveAsync`' to URL 'Office.context.mailbox.item.md#saveAsync'
Error: \reference\outlook\1.1\Office.context.mailbox.item.md: BookmarkMissing: for link 'Office.MailboxEnums.ItemType' to URL 'Office.MailboxEnums.md#itemtype-string'
Error: \reference\outlook\1.1\Office.context.mailbox.item.md: BookmarkMissing: for link 'Office.MailboxEnums.ItemType' to URL 'Office.MailboxEnums.md#itemtype-string'
Error: \reference\outlook\1.1\Office.context.mailbox.item.md: BookmarkMissing: for link '`subject`' to URL 'Office.context.mailbox.item.md#subject'
Error: \reference\outlook\1.1\Office.context.mailbox.item.md: BookmarkMissing: for link '`from`' to URL 'Office.context.mailbox.item.md#from'
Error: \reference\outlook\1.1\Office.context.mailbox.item.md: BookmarkMissing: for link '`convertToLocalClientTime`' to URL 'Office.context.mailbox.md#converttolocalclienttimetimevalue--localclienttime'
Error: \reference\outlook\1.1\Office.context.mailbox.item.md: BookmarkMissing: for link '`Time.setAsync`' to URL 'Time.md#setasync'
Error: \reference\outlook\1.1\Office.context.mailbox.item.md: BookmarkMissing: for link '`convertToUtcClientTime`' to URL 'Office.context.mailbox.md#converttoutcclienttimeinput--date'
Error: \reference\outlook\1.1\Office.context.mailbox.item.md: BookmarkMissing: for link '`setAsync`' to URL 'Time.md#setasync'
Error: \reference\outlook\1.1\Office.context.mailbox.item.md: BookmarkMissing: for link '`normalizedSubject`' to URL 'Office.context.mailbox.item.md#normalizedsubject-string'
Error: \reference\outlook\1.1\Office.context.mailbox.item.md: Link specifies ID 'options' which was not found in the document.
Error: \reference\outlook\1.1\Office.context.mailbox.item.md: Link specifies ID 'callback' which was not found in the document.
Error: \reference\outlook\1.1\Office.context.mailbox.item.md: BookmarkMissing: for link '`removeAttachmentAsync`' to URL 'Office.context.mailbox.item.md#removeAttachmentAsync'
Error: \reference\outlook\1.1\Office.context.mailbox.item.md: BookmarkMissing: for link '`removeAttachmentAsync`' to URL 'Office.context.mailbox.item.md#removeAttachmentAsync'
Error: \reference\outlook\1.1\Office.context.mailbox.item.md: BookmarkMissing: for link 'Office.MailboxEnums.EntityType' to URL 'Office.MailboxEnums.md#.EntityType'
Error: \reference\outlook\1.1\Office.context.mailbox.item.md: BookmarkMissing: for link '`Body.getAsync`' to URL 'Body.md#getAsync'
Error: \reference\outlook\1.1\Office.context.mailbox.item.md: BookmarkMissing: for link 'Office.CoercionType' to URL 'Office.md#coerciontype-string'
Error: \reference\outlook\1.1\Office.context.mailbox.item.md: Link specifies ID 'userContext' which was not found in the document.
Error: \reference\outlook\1.1\Office.context.mailbox.md: Link specifies ID 'userContext' which was not found in the document.
Error: \reference\outlook\1.1\Recipients.md: Link specifies ID 'options' which was not found in the document.
Error: \reference\outlook\1.1\Recipients.md: Link specifies ID 'callback' which was not found in the document.
Error: \reference\outlook\1.1\RoamingSettings.md: BookmarkMissing: for link '`roamingSettings`' to URL 'Office.context.md#roamingSettings'
Error: \reference\outlook\1.1\RoamingSettings.md: Link specifies ID 'callback' which was not found in the document.
Error: \reference\outlook\1.1\RoamingSettings.md: BookmarkMissing: for link '`set`' to URL 'RoamingSettings.md#set'
Error: \reference\outlook\1.1\RoamingSettings.md: BookmarkMissing: for link '`get`' to URL 'RoamingSettings.md#get'
Error: \reference\outlook\1.1\RoamingSettings.md: BookmarkMissing: for link '`saveAsync`' to URL 'RoamingSettings.md#saveAsync'
Error: \reference\outlook\1.1\simple-types.md: BookmarkMissing: for link 'Office.AsyncResultStatus' to URL 'Office.md#.AsyncResultStatus'
Error: \reference\outlook\1.1\simple-types.md: BookmarkMissing: for link 'Office.MailboxEnums.AttachmentType' to URL 'Office.MailboxEnums.md#attachmenttype-string'
Error: \reference\outlook\1.1\simple-types.md: BookmarkMissing: for link 'Office.MailboxEnums.ResponseType' to URL 'Office.MailboxEnums.md#responsetype-string'
Error: \reference\outlook\1.1\simple-types.md: BookmarkMissing: for link '`optionalAttendees`' to URL 'Office.context.mailbox.item.md#optionalAttendees'
Error: \reference\outlook\1.1\simple-types.md: BookmarkMissing: for link '`requiredAttendees`' to URL 'Office.context.mailbox.item.md#requiredAttendees'
Error: \reference\outlook\1.1\simple-types.md: BookmarkMissing: for link 'Office.MailboxEnums.RecipientType' to URL 'Office.MailboxEnums.md#recipienttype-string'
Error: \reference\outlook\1.1\simple-types.md: BookmarkMissing: for link '`getEntities`' to URL 'Office.context.mailbox.item.md#getEntities'
Error: \reference\outlook\1.1\simple-types.md: BookmarkMissing: for link '`getEntitiesByType`' to URL 'Office.context.mailbox.item.md#getEntitiesByType'
Error: \reference\outlook\1.1\simple-types.md: BookmarkMissing: for link '`getEntities`' to URL 'Office.context.mailbox.item.md#getEntities'
Error: \reference\outlook\1.1\simple-types.md: Link specifies ID '`Entities`' which was not found in the document.
Error: \reference\outlook\1.1\simple-types.md: BookmarkMissing: for link '`getEntities`' to URL 'Office.context.mailbox.item.md#getEntities'
Error: \reference\outlook\1.1\simple-types.md: BookmarkMissing: for link '`getEntitiesByType`' to URL 'Office.context.mailbox.item.md#getEntitiesByType'
Error: \reference\outlook\1.1\Subject.md: Link specifies ID 'options' which was not found in the document.
Error: \reference\outlook\1.1\Subject.md: Link specifies ID 'callback' which was not found in the document.
Error: \reference\outlook\1.1\Time.md: BookmarkMissing: for link '`start`' to URL 'Office.context.mailbox.item.md#start-datetime'
Error: \reference\outlook\1.1\Time.md: BookmarkMissing: for link '`end`' to URL 'Office.context.mailbox.item.md#end-datetime'
Error: \reference\outlook\1.1\Time.md: Link specifies ID 'options' which was not found in the document.
Error: \reference\outlook\1.1\Time.md: BookmarkMissing: for link '`convertToLocalClientTime`' to URL 'Office.context.mailbox.md#converttolocalclienttimetimevalue--localclienttime'
Error: \reference\outlook\1.1\Time.md: Link specifies ID 'callback' which was not found in the document.
Error: \reference\outlook\1.1\Time.md: BookmarkMissing: for link '`start`' to URL 'Office.context.mailbox.item.md#start-datetime'
Error: \reference\outlook\1.1\Time.md: BookmarkMissing: for link '`end`' to URL 'Office.context.mailbox.item.md#end-datetime'
Error: \reference\outlook\1.1\Time.md: BookmarkMissing: for link '`convertToUtcClientTime`' to URL 'Office.context.mailbox.md#converttoutcclienttimeinput--date'
Error: \reference\outlook\1.2\Body.md: Link specifies ID 'options' which was not found in the document.
Error: \reference\outlook\1.2\Body.md: Link specifies ID 'callback' which was not found in the document.
Error: \reference\outlook\1.2\Body.md: BookmarkMissing: for link 'CoercionType' to URL 'Office.md#coerciontype-string'
Error: \reference\outlook\1.2\Body.md: BookmarkMissing: for link '`setSelectedDataAsync`' to URL 'Body.md#setSelectedDataAsync'
Error: \reference\outlook\1.2\CustomProperties.md: BookmarkMissing: for link '`saveAsync`' to URL 'CustomProperties.md#saveAsync'
Error: \reference\outlook\1.2\CustomProperties.md: BookmarkMissing: for link '`get`' to URL 'CustomProperties.md#get'
Error: \reference\outlook\1.2\CustomProperties.md: BookmarkMissing: for link '`set`' to URL 'CustomProperties.md#set'
Error: \reference\outlook\1.2\CustomProperties.md: BookmarkMissing: for link '`saveAsync`' to URL 'CustomProperties.md#saveAsync'
Error: \reference\outlook\1.2\CustomProperties.md: Link specifies ID 'callback' which was not found in the document.
Error: \reference\outlook\1.2\CustomProperties.md: Link specifies ID 'asyncContext' which was not found in the document.
Error: \reference\outlook\1.2\CustomProperties.md: BookmarkMissing: for link '`set`' to URL 'CustomProperties.md#set'
Error: \reference\outlook\1.2\CustomProperties.md: BookmarkMissing: for link '`remove`' to URL 'CustomProperties.md#remove'
Error: \reference\outlook\1.2\CustomProperties.md: BookmarkMissing: for link '`saveAsync`' to URL 'CustomProperties.md#saveAsync'
Error: \reference\outlook\1.2\CustomProperties.md: BookmarkMissing: for link '`get`' to URL 'CustomProperties.md#get'
Error: \reference\outlook\1.2\CustomProperties.md: BookmarkMissing: for link '`set`' to URL 'CustomProperties.md#set'
Error: \reference\outlook\1.2\CustomProperties.md: BookmarkMissing: for link '`saveAsync`' to URL 'CustomProperties.md#saveAsync'
Error: \reference\outlook\1.2\Location.md: Link specifies ID 'options' which was not found in the document.
Error: \reference\outlook\1.2\Location.md: Link specifies ID 'callback' which was not found in the document.
Error: \reference\outlook\1.2\Office.context.mailbox.item.md: BookmarkMissing: for link 'itemType' to URL 'Office.context.mailbox.item.md#itemtype-officemailboxenumsitemtype'
Error: \reference\outlook\1.2\Office.context.mailbox.item.md: BookmarkMissing: for link '`convertToLocalClientTime`' to URL 'Office.context.mailbox.md#converttolocalclienttimetimevalue--localclienttime'
Error: \reference\outlook\1.2\Office.context.mailbox.item.md: BookmarkMissing: for link '`Time.setAsync`' to URL 'Time.md#setasync'
Error: \reference\outlook\1.2\Office.context.mailbox.item.md: BookmarkMissing: for link '`convertToUtcClientTime`' to URL 'Office.context.mailbox.md#converttoutcclienttimeinput--date'
Error: \reference\outlook\1.2\Office.context.mailbox.item.md: BookmarkMissing: for link '`setAsync`' to URL 'Time.md#setasync'
Error: \reference\outlook\1.2\Office.context.mailbox.item.md: BookmarkMissing: for link '`sender`' to URL 'Office.context.mailbox.item.md#sender'
Error: \reference\outlook\1.2\Office.context.mailbox.item.md: BookmarkMissing: for link '`saveAsync`' to URL 'Office.context.mailbox.item.md#saveAsync'
Error: \reference\outlook\1.2\Office.context.mailbox.item.md: BookmarkMissing: for link 'Office.MailboxEnums.ItemType' to URL 'Office.MailboxEnums.md#itemtype-string'
Error: \reference\outlook\1.2\Office.context.mailbox.item.md: BookmarkMissing: for link 'Office.MailboxEnums.ItemType' to URL 'Office.MailboxEnums.md#itemtype-string'
Error: \reference\outlook\1.2\Office.context.mailbox.item.md: BookmarkMissing: for link '`subject`' to URL 'Office.context.mailbox.item.md#subject'
Error: \reference\outlook\1.2\Office.context.mailbox.item.md: BookmarkMissing: for link '`from`' to URL 'Office.context.mailbox.item.md#from'
Error: \reference\outlook\1.2\Office.context.mailbox.item.md: BookmarkMissing: for link '`convertToLocalClientTime`' to URL 'Office.context.mailbox.md#converttolocalclienttimetimevalue--localclienttime'
Error: \reference\outlook\1.2\Office.context.mailbox.item.md: BookmarkMissing: for link '`Time.setAsync`' to URL 'Time.md#setasync'
Error: \reference\outlook\1.2\Office.context.mailbox.item.md: BookmarkMissing: for link '`convertToUtcClientTime`' to URL 'Office.context.mailbox.md#converttoutcclienttimeinput--date'
Error: \reference\outlook\1.2\Office.context.mailbox.item.md: BookmarkMissing: for link '`setAsync`' to URL 'Time.md#setasync'
Error: \reference\outlook\1.2\Office.context.mailbox.item.md: BookmarkMissing: for link '`normalizedSubject`' to URL 'Office.context.mailbox.item.md#normalizedsubject-string'
Error: \reference\outlook\1.2\Office.context.mailbox.item.md: Link specifies ID 'options' which was not found in the document.
Error: \reference\outlook\1.2\Office.context.mailbox.item.md: Link specifies ID 'callback' which was not found in the document.
Error: \reference\outlook\1.2\Office.context.mailbox.item.md: BookmarkMissing: for link '`removeAttachmentAsync`' to URL 'Office.context.mailbox.item.md#removeAttachmentAsync'
Error: \reference\outlook\1.2\Office.context.mailbox.item.md: BookmarkMissing: for link '`removeAttachmentAsync`' to URL 'Office.context.mailbox.item.md#removeAttachmentAsync'
Error: \reference\outlook\1.2\Office.context.mailbox.item.md: BookmarkMissing: for link 'Office.MailboxEnums.EntityType' to URL 'Office.MailboxEnums.md#.EntityType'
Error: \reference\outlook\1.2\Office.context.mailbox.item.md: BookmarkMissing: for link '`Body.getAsync`' to URL 'Body.md#getAsync'
Error: \reference\outlook\1.2\Office.context.mailbox.item.md: BookmarkMissing: for link 'Office.CoercionType' to URL 'Office.md#coerciontype-string'
Error: \reference\outlook\1.2\Office.context.mailbox.item.md: Link specifies ID 'userContext' which was not found in the document.
Error: \reference\outlook\1.2\Office.context.mailbox.md: Link specifies ID 'userContext' which was not found in the document.
Error: \reference\outlook\1.2\Recipients.md: Link specifies ID 'options' which was not found in the document.
Error: \reference\outlook\1.2\Recipients.md: Link specifies ID 'callback' which was not found in the document.
Error: \reference\outlook\1.2\RoamingSettings.md: BookmarkMissing: for link '`roamingSettings`' to URL 'Office.context.md#roamingSettings'
Error: \reference\outlook\1.2\RoamingSettings.md: Link specifies ID 'callback' which was not found in the document.
Error: \reference\outlook\1.2\RoamingSettings.md: BookmarkMissing: for link '`set`' to URL 'RoamingSettings.md#set'
Error: \reference\outlook\1.2\RoamingSettings.md: BookmarkMissing: for link '`get`' to URL 'RoamingSettings.md#get'
Error: \reference\outlook\1.2\RoamingSettings.md: BookmarkMissing: for link '`saveAsync`' to URL 'RoamingSettings.md#saveAsync'
Error: \reference\outlook\1.2\simple-types.md: BookmarkMissing: for link 'Office.AsyncResultStatus' to URL 'Office.md#.AsyncResultStatus'
Error: \reference\outlook\1.2\simple-types.md: BookmarkMissing: for link 'Office.MailboxEnums.AttachmentType' to URL 'Office.MailboxEnums.md#attachmenttype-string'
Error: \reference\outlook\1.2\simple-types.md: BookmarkMissing: for link 'Office.MailboxEnums.ResponseType' to URL 'Office.MailboxEnums.md#responsetype-string'
Error: \reference\outlook\1.2\simple-types.md: BookmarkMissing: for link '`optionalAttendees`' to URL 'Office.context.mailbox.item.md#optionalAttendees'
Error: \reference\outlook\1.2\simple-types.md: BookmarkMissing: for link '`requiredAttendees`' to URL 'Office.context.mailbox.item.md#requiredAttendees'
Error: \reference\outlook\1.2\simple-types.md: BookmarkMissing: for link 'Office.MailboxEnums.RecipientType' to URL 'Office.MailboxEnums.md#recipienttype-string'
Error: \reference\outlook\1.2\simple-types.md: BookmarkMissing: for link '`getEntities`' to URL 'Office.context.mailbox.item.md#getEntities'
Error: \reference\outlook\1.2\simple-types.md: BookmarkMissing: for link '`getEntitiesByType`' to URL 'Office.context.mailbox.item.md#getEntitiesByType'
Error: \reference\outlook\1.2\simple-types.md: BookmarkMissing: for link '`getEntities`' to URL 'Office.context.mailbox.item.md#getEntities'
Error: \reference\outlook\1.2\simple-types.md: Link specifies ID '`Entities`' which was not found in the document.
Error: \reference\outlook\1.2\simple-types.md: BookmarkMissing: for link '`getEntities`' to URL 'Office.context.mailbox.item.md#getEntities'
Error: \reference\outlook\1.2\simple-types.md: BookmarkMissing: for link '`getEntitiesByType`' to URL 'Office.context.mailbox.item.md#getEntitiesByType'
Error: \reference\outlook\1.2\Subject.md: Link specifies ID 'options' which was not found in the document.
Error: \reference\outlook\1.2\Subject.md: Link specifies ID 'callback' which was not found in the document.
Error: \reference\outlook\1.2\Time.md: BookmarkMissing: for link '`start`' to URL 'Office.context.mailbox.item.md#start-datetime'
Error: \reference\outlook\1.2\Time.md: BookmarkMissing: for link '`end`' to URL 'Office.context.mailbox.item.md#end-datetime'
Error: \reference\outlook\1.2\Time.md: Link specifies ID 'options' which was not found in the document.
Error: \reference\outlook\1.2\Time.md: BookmarkMissing: for link '`convertToLocalClientTime`' to URL 'Office.context.mailbox.md#converttolocalclienttimetimevalue--localclienttime'
Error: \reference\outlook\1.2\Time.md: Link specifies ID 'callback' which was not found in the document.
Error: \reference\outlook\1.2\Time.md: BookmarkMissing: for link '`start`' to URL 'Office.context.mailbox.item.md#start-datetime'
Error: \reference\outlook\1.2\Time.md: BookmarkMissing: for link '`end`' to URL 'Office.context.mailbox.item.md#end-datetime'
Error: \reference\outlook\1.2\Time.md: BookmarkMissing: for link '`convertToUtcClientTime`' to URL 'Office.context.mailbox.md#converttoutcclienttimeinput--date'
Error: \reference\shared\bindings.addfromnameditemasync.md: BookmarkMissing: for link 'Bind to regions in a document or spreadsheet' to URL '../../docs/develop/bind-to-regions-in-a-document-or-spreadsheet.md#BindRegions_NamedItem'
Error: \reference\shared\customxmlnode.setnodevalueasync.md: BookmarkMissing: for link 'Addded' to URL '#bk_history'
Error: \reference\shared\document.getfileasync.md: BookmarkMissing: for link 'Support history' to URL '#bk_history'
Error: \reference\shared\officeui.md: BookmarkMissing: for link 'close()' to URL '#close'
Error: \reference\shared\officeui.md: BookmarkMissing: for link 'displayDialogAsync()' to URL '#displaydialogasync'
Error: \reference\shared\officeui.md: BookmarkMissing: for link 'messageParent()' to URL '#messageparent'
Error: \reference\shared\officeui.md: Link specifies ID ', options: object' which was not found in the document.
Error: \reference\word\body.md: BookmarkMissing: for link 'clear()' to URL '#clear'
Error: \reference\word\body.md: BookmarkMissing: for link 'getHtml()' to URL '#gethtml'
Error: \reference\word\body.md: BookmarkMissing: for link 'getOoxml()' to URL '#getooxml'
Error: \reference\word\body.md: BookmarkMissing: for link 'insertBreak(breakType: BreakType, insertLocation: InsertLocation)' to URL '#insertbreakbreaktype-breaktype-insertlocation-insertlocation'
Error: \reference\word\body.md: BookmarkMissing: for link 'insertContentControl()' to URL '#insertcontentcontrol'
Error: \reference\word\body.md: BookmarkMissing: for link 'insertFileFromBase64(base64File: string, insertLocation: InsertLocation)' to URL '#insertfilefrombase64base64file-string-insertlocation-insertlocation'
Error: \reference\word\body.md: BookmarkMissing: for link 'insertHtml(html: string, insertLocation: InsertLocation)' to URL '#inserthtmlhtml-string-insertlocation-insertlocation'
Error: \reference\word\body.md: BookmarkMissing: for link 'insertInlinePictureFromBase64(base64EncodedImage: string, insertLocation: InsertLocation)' to URL '#insertInlinePictureFromBase64base64EncodedImage-string-insertlocation-insertlocation'
Error: \reference\word\body.md: BookmarkMissing: for link 'insertOoxml(ooxml: string, insertLocation: InsertLocation)' to URL '#insertooxmlooxml-string-insertlocation-insertlocation'
Error: \reference\word\body.md: BookmarkMissing: for link 'insertParagraph(paragraphText: string, insertLocation: InsertLocation)' to URL '#insertparagraphparagraphtext-string-insertlocation-insertlocation'
Error: \reference\word\body.md: BookmarkMissing: for link 'insertText(text: string, insertLocation: InsertLocation)' to URL '#inserttexttext-string-insertlocation-insertlocation'
Error: \reference\word\body.md: BookmarkMissing: for link 'load(param: object)' to URL '#loadparam-object'
Error: \reference\word\body.md: BookmarkMissing: for link 'search(searchText: string, searchOptions: ParamTypeStrings.SearchOptions)' to URL '#searchsearchtext-string-searchoptions-paramtypestringssearchoptions'
Error: \reference\word\body.md: BookmarkMissing: for link 'select(selectionMode: SelectionMode)' to URL '#selectselectionmode-selectionmode'
Error: \reference\word\contentcontrol.md: BookmarkMissing: for link 'clear()' to URL '#clear'
Error: \reference\word\contentcontrol.md: BookmarkMissing: for link 'delete(keepContent: bool)' to URL '#deletekeepcontent-bool'
Error: \reference\word\contentcontrol.md: BookmarkMissing: for link 'getHtml()' to URL '#gethtml'
Error: \reference\word\contentcontrol.md: BookmarkMissing: for link 'getOoxml()' to URL '#getooxml'
Error: \reference\word\contentcontrol.md: BookmarkMissing: for link 'insertBreak(breakType: BreakType, insertLocation: InsertLocation)' to URL '#insertbreakbreaktype-breaktype-insertlocation-insertlocation'
Error: \reference\word\contentcontrol.md: BookmarkMissing: for link 'insertFileFromBase64(base64File: string, insertLocation: InsertLocation)' to URL '#insertfilefrombase64base64file-string-insertlocation-insertlocation'
Error: \reference\word\contentcontrol.md: BookmarkMissing: for link 'insertHtml(html: string, insertLocation: InsertLocation)' to URL '#inserthtmlhtml-string-insertlocation-insertlocation'
Error: \reference\word\contentcontrol.md: BookmarkMissing: for link 'insertInlinePictureFromBase64(base64EncodedImage: string, insertLocation: InsertLocation)' to URL '#insertInlinePictureFromBase64base64EncodedImage-string-insertlocation-insertlocation'
Error: \reference\word\contentcontrol.md: BookmarkMissing: for link 'insertOoxml(ooxml: string, insertLocation: InsertLocation)' to URL '#insertooxmlooxml-string-insertlocation-insertlocation'
Error: \reference\word\contentcontrol.md: BookmarkMissing: for link 'insertParagraph(paragraphText: string, insertLocation: InsertLocation)' to URL '#insertparagraphparagraphtext-string-insertlocation-insertlocation'
Error: \reference\word\contentcontrol.md: BookmarkMissing: for link 'insertText(text: string, insertLocation: InsertLocation)' to URL '#inserttexttext-string-insertlocation-insertlocation'
Error: \reference\word\contentcontrol.md: BookmarkMissing: for link 'load(param: object)' to URL '#loadparam-object'
Error: \reference\word\contentcontrol.md: BookmarkMissing: for link 'search(searchText: string, searchOptions: ParamTypeStrings.SearchOptions)' to URL '#searchsearchtext-string-searchoptions-paramtypestringssearchoptions'
Error: \reference\word\contentcontrol.md: BookmarkMissing: for link 'select(selectionMode: SelectionMode)' to URL '#selectselectionmode-selectionmode'
Error: \reference\word\contentcontrolcollection.md: BookmarkMissing: for link 'getById(id: number)' to URL '#getbyidid-number'
Error: \reference\word\contentcontrolcollection.md: BookmarkMissing: for link 'getByTag(tag: string)' to URL '#getbytagtag-string'
Error: \reference\word\contentcontrolcollection.md: BookmarkMissing: for link 'getByTitle(title: string)' to URL '#getbytitletitle-string'
Error: \reference\word\contentcontrolcollection.md: BookmarkMissing: for link 'load(param: object)' to URL '#loadparam-object'
Error: \reference\word\document.md: BookmarkMissing: for link 'getSelection()' to URL '#getselection'
Error: \reference\word\document.md: BookmarkMissing: for link 'load(param: object)' to URL '#loadparam-object'
Error: \reference\word\document.md: BookmarkMissing: for link 'save()' to URL '#save'
Error: \reference\word\font.md: BookmarkMissing: for link 'load(param: object)' to URL '#loadparam-object'
Error: \reference\word\inlinepicture.md: BookmarkMissing: for link 'delete()' to URL '#delete'
Error: \reference\word\inlinepicture.md: BookmarkMissing: for link 'getBase64ImageSrc()' to URL '#getbase64imagesrc'
Error: \reference\word\inlinepicture.md: BookmarkMissing: for link 'insertBreak(breakType: BreakType, insertLocation: InsertLocation)' to URL '#insertbreakbreaktype-breaktype-insertlocation-insertlocation'
Error: \reference\word\inlinepicture.md: BookmarkMissing: for link 'insertContentControl()' to URL '#insertcontentcontrol'
Error: \reference\word\inlinepicture.md: BookmarkMissing: for link 'insertFileFromBase64(base64File: string, insertLocation: InsertLocation)' to URL '#insertfilefrombase64base64file-string-insertlocation-insertlocation'
Error: \reference\word\inlinepicture.md: BookmarkMissing: for link 'insertHtml(html: string, insertLocation: InsertLocation)' to URL '#inserthtmlhtml-string-insertlocation-insertlocation'
Error: \reference\word\inlinepicture.md: BookmarkMissing: for link 'insertInlinePictureFromBase64(base64EncodedImage: string, insertLocation: InsertLocation)' to URL '#insertInlinePictureFromBase64base64EncodedImage-string-insertlocation-insertlocation'
Error: \reference\word\inlinepicture.md: BookmarkMissing: for link 'insertOoxml(ooxml: string, insertLocation: InsertLocation)' to URL '#insertooxmlooxml-string-insertlocation-insertlocation'
Error: \reference\word\inlinepicture.md: BookmarkMissing: for link 'insertParagraph(paragraphText: string, insertLocation: InsertLocation)' to URL '#insertparagraphparagraphtext-string-insertlocation-insertlocation'
Error: \reference\word\inlinepicture.md: BookmarkMissing: for link 'insertText(text: string, insertLocation: InsertLocation)' to URL '#inserttexttext-string-insertlocation-insertlocation'
Error: \reference\word\inlinepicture.md: BookmarkMissing: for link 'select(selectionMode: SelectionMode)' to URL '#selectselectionmode-selectionmode'
Error: \reference\word\inlinepicture.md: BookmarkMissing: for link 'load(param: object)' to URL '#loadparam-object'
Error: \reference\word\inlinepicturecollection.md: BookmarkMissing: for link 'load(param: object)' to URL '#loadparam-object'
Error: \reference\word\paragraph.md: BookmarkMissing: for link 'clear()' to URL '#clear'
Error: \reference\word\paragraph.md: BookmarkMissing: for link 'delete()' to URL '#delete'
Error: \reference\word\paragraph.md: BookmarkMissing: for link 'getHtml()' to URL '#gethtml'
Error: \reference\word\paragraph.md: BookmarkMissing: for link 'getOoxml()' to URL '#getooxml'
Error: \reference\word\paragraph.md: BookmarkMissing: for link 'insertBreak(breakType: BreakType, insertLocation: InsertLocation)' to URL '#insertbreakbreaktype-breaktype-insertlocation-insertlocation'
Error: \reference\word\paragraph.md: BookmarkMissing: for link 'insertContentControl()' to URL '#insertcontentcontrol'
Error: \reference\word\paragraph.md: BookmarkMissing: for link 'insertFileFromBase64(base64File: string, insertLocation: InsertLocation)' to URL '#insertfilefrombase64base64file-string-insertlocation-insertlocation'
Error: \reference\word\paragraph.md: BookmarkMissing: for link 'insertHtml(html: string, insertLocation: InsertLocation)' to URL '#inserthtmlhtml-string-insertlocation-insertlocation'
Error: \reference\word\paragraph.md: BookmarkMissing: for link 'insertInlinePictureFromBase64(base64EncodedImage: string, insertLocation: InsertLocation)' to URL '#insertinlinepicturefrombase64base64encodedimage-string-insertlocation-insertlocation'
Error: \reference\word\paragraph.md: BookmarkMissing: for link 'insertOoxml(ooxml: string, insertLocation: InsertLocation)' to URL '#insertooxmlooxml-string-insertlocation-insertlocation'
Error: \reference\word\paragraph.md: BookmarkMissing: for link 'insertParagraph(paragraphText: string, insertLocation: InsertLocation)' to URL '#insertparagraphparagraphtext-string-insertlocation-insertlocation'
Error: \reference\word\paragraph.md: BookmarkMissing: for link 'insertText(text: string, insertLocation: InsertLocation)' to URL '#inserttexttext-string-insertlocation-insertlocation'
Error: \reference\word\paragraph.md: BookmarkMissing: for link 'load(param: object)' to URL '#loadparam-object'
Error: \reference\word\paragraph.md: BookmarkMissing: for link 'search(searchText: string, searchOptions: ParamTypeStrings.SearchOptions)' to URL '#searchsearchtext-string-searchoptions-paramtypestringssearchoptions'
Error: \reference\word\paragraph.md: BookmarkMissing: for link 'select(selectionMode: SelectionMode)' to URL '#selectselectionmode-selectionmode'
Error: \reference\word\paragraphcollection.md: BookmarkMissing: for link 'load(param: object)' to URL '#loadparam-object'
Error: \reference\word\range.md: BookmarkMissing: for link 'clear()' to URL '#clear'
Error: \reference\word\range.md: BookmarkMissing: for link 'delete()' to URL '#delete'
Error: \reference\word\range.md: BookmarkMissing: for link 'getHtml()' to URL '#gethtml'
Error: \reference\word\range.md: BookmarkMissing: for link 'getOoxml()' to URL '#getooxml'
Error: \reference\word\range.md: BookmarkMissing: for link 'insertBreak(breakType: BreakType, insertLocation: InsertLocation)' to URL '#insertbreakbreaktype-breaktype-insertlocation-insertlocation'
Error: \reference\word\range.md: BookmarkMissing: for link 'insertContentControl()' to URL '#insertcontentcontrol'
Error: \reference\word\range.md: BookmarkMissing: for link 'insertFileFromBase64(base64File: string, insertLocation: InsertLocation)' to URL '#insertfilefrombase64base64file-string-insertlocation-insertlocation'
Error: \reference\word\range.md: BookmarkMissing: for link 'insertHtml(html: string, insertLocation: InsertLocation)' to URL '#inserthtmlhtml-string-insertlocation-insertlocation'
Error: \reference\word\range.md: BookmarkMissing: for link 'insertInlinePictureFromBase64(base64EncodedImage: string, insertLocation: InsertLocation)' to URL '#insertInlinePictureFromBase64base64EncodedImage-string-insertlocation-insertlocation'
Error: \reference\word\range.md: BookmarkMissing: for link 'insertOoxml(ooxml: string, insertLocation: InsertLocation)' to URL '#insertooxmlooxml-string-insertlocation-insertlocation'
Error: \reference\word\range.md: BookmarkMissing: for link 'insertParagraph(paragraphText: string, insertLocation: InsertLocation)' to URL '#insertparagraphparagraphtext-string-insertlocation-insertlocation'
Error: \reference\word\range.md: BookmarkMissing: for link 'insertText(text: string, insertLocation: InsertLocation)' to URL '#inserttexttext-string-insertlocation-insertlocation'
Error: \reference\word\range.md: BookmarkMissing: for link 'load(param: object)' to URL '#loadparam-object'
Error: \reference\word\range.md: BookmarkMissing: for link 'search(searchText: string, searchOptions: ParamTypeStrings.SearchOptions)' to URL '#searchsearchtext-string-searchoptions-paramtypestringssearchoptions'
Error: \reference\word\range.md: BookmarkMissing: for link 'select(selectionMode: SelectionMode)' to URL '#selectselectionmode-selectionmode'
Error: \reference\word\requestcontext.md: BookmarkMissing: for link 'load(object: object, option: object)' to URL '#loadobject-object-option-object'
Error: \reference\word\requestcontext.md: BookmarkMissing: for link 'sync()' to URL '#sync'
Error: \reference\word\searchoptions.md: BookmarkMissing: for link 'load(param: object)' to URL '#loadparam-object'
Error: \reference\word\searchoptions.md: Link specifies ID ' ' which was not found in the document.
Error: \reference\word\searchoptions.md: Link specifies ID 'io' which was not found in the document.
Error: \reference\word\searchoptions.md: Link specifies ID '-' which was not found in the document.
Error: \reference\word\searchoptions.md: Link specifies ID 'r-t' which was not found in the document.
Error: \reference\word\searchoptions.md: Link specifies ID '!x-z' which was not found in the document.
Error: \reference\word\searchoptions.md: Link specifies ID '!a-m' which was not found in the document.
Error: \reference\word\searchresultcollection.md: BookmarkMissing: for link 'load(param: object)' to URL '#loadparam-object'
Error: \reference\word\section.md: BookmarkMissing: for link 'getFooter(type: HeaderFooterType)' to URL '#getfootertype-headerfootertype'
Error: \reference\word\section.md: BookmarkMissing: for link 'getHeader(type: HeaderFooterType)' to URL '#getheadertype-headerfootertype'
Error: \reference\word\section.md: BookmarkMissing: for link 'load(param: object)' to URL '#loadparam-object'
Error: \reference\word\sectioncollection.md: BookmarkMissing: for link 'load(param: object)' to URL '#loadparam-object'
Error: \reference\word\word-add-ins-javascript-reference.md: BookmarkMissing: for link 'Selection' to URL 'document.md#getselection'
Warning: Page mailbox-api.md has no incoming links.
Warning: Page docs/access/access-web-app-add-ins.md has no incoming links.
Warning: Page docs/design/design-office-add-ins-for-the-ipad.md has no incoming links.
Warning: Page docs/design/ui-elements/interaction-patterns.md has no incoming links.
Warning: Page docs/design/ui-elements/using-office-ui-fabric.md has no incoming links.
Warning: Page docs/develop/create-a-sharepoint-add-in-that-contains-a-document-template-and-a-task-pane-add-in.md has no incoming links.
Warning: Page docs/develop/support-for-task-pane-and-content-add-ins.md has no incoming links.
Warning: Page docs/get-started/create-an-office-add-in-using-any-editor.md has no incoming links.
Warning: Page docs/get-started/create-an-office-add-in-with-napa.md has no incoming links.
Warning: Page docs/outlook/compare-outlook-add-in-support-in-outlook-for-mac.md has no incoming links.
Warning: Page docs/outlook/tips-for-handling-date-values-in-outlook-add-ins.md has no incoming links.
Warning: Page docs/outlook/use-php-to-validate-an-identity-token.md has no incoming links.
Warning: Page docs/powerpoint/office-mix/guidelines-for-creating-labs-for-mix-using-labsjs.md has no incoming links.
Warning: Page docs/powerpoint/office-mix/labsjs-lab-components.md has no incoming links.
Warning: Page docs/powerpoint/office-mix/labsjs-labs-for-office-mix-examples.md has no incoming links.
Warning: Page docs/project/create-a-project-add-in-that-uses-rest-with-an-on-premises-odata-service.md has no incoming links.
Warning: Page docs/testing/debug-add-ins-using-f12-developer-tools-on-windows-10.md has no incoming links.
Warning: Page docs/word/get-the-whole-document-from-an-add-in-for-powerpoint-or-word.md has no incoming links.
Warning: Page misc/code-samples.md has no incoming links.
Warning: Page misc/excel-add-in-code-samples.md has no incoming links.
Warning: Page misc/excel-add-ins.md has no incoming links.
Warning: Page misc/tips-and-tricks-for-improving-performance-and-experience-of-Office-add-ins.md has no incoming links.
Warning: Page misc/mailbox/mailbox-api.md has no incoming links.
Warning: Page reference/excel/filterdatetime.md has no incoming links.
Warning: Page reference/excel/rangereference.md has no incoming links.
Warning: Page reference/manifest/targetdialect.md has no incoming links.
Warning: Page reference/office-mix/labs-variables.md has no incoming links.
Warning: Page reference/office-mix/labs.commandtype-variables.md has no incoming links.
Warning: Page reference/office-mix/labs.components-classes.md has no incoming links.
Warning: Page reference/office-mix/labs.components-interfaces.md has no incoming links.
Warning: Page reference/office-mix/labs.components-variables.md has no incoming links.
Warning: Page reference/office-mix/labs.core-classes.md has no incoming links.
Warning: Page reference/office-mix/labs.core-enumerations.md has no incoming links.
Warning: Page reference/office-mix/labs.core-interfaces.md has no incoming links.
Warning: Page reference/office-mix/labs.core.actions-interfaces.md has no incoming links.
Warning: Page reference/office-mix/labs.core.actions-variables.md has no incoming links.
Warning: Page reference/office-mix/labs.core.getactions-variables.md has no incoming links.
Warning: Page reference/office-mix/labsjs.labs.commandtype.md has no incoming links.
Warning: Page reference/outlook/Event.md has no incoming links.
Warning: Page reference/outlook/1.1/index.md has no incoming links.
Warning: Page reference/outlook/1.2/index.md has no incoming links.
Warning: Page reference/shared/common.md has no incoming links.
Warning: Page reference/shared/customxmlnode.gettextasync.md has no incoming links.
Warning: Page reference/shared/customxmlnode.settextasync.md has no incoming links.
Warning: Page reference/shared/doucment.settings.md has no incoming links.
Warning: Page reference/shared/settings.settingschangedeventargs.md has no incoming links.
Warning: Page reference/word/breaktype.md has no incoming links.
Test Check-links complete. Failed: Multiple errors occured. duration: 00:00:00.2705384
