APIDocs tool, version 1.0.351.0

Command line: check-links
Documentation path: C:\Users\Keyur\Desktop\add-in-docs
Using default table parser definitions

Starting test: Check-links
Error: \docs\design\add-in-development-best-practices.md: Destination missing for link 'Resource limits and performance optimization for Office Add-ins' to URL '../../docs/essentials/resource-limits-and-performance-optimization.md'
Error: \docs\design\create-add-in-commands-in-your-manifest-preview.md: BookmarkMissing: for link 'Step 3: Add VersionOverrides element' to URL '#step-3-add-versionoverrides-element'
Error: \docs\design\create-add-in-commands-in-your-manifest-preview.md: BookmarkMissing: for link 'Step 7: Add the Resources element' to URL '#step-7-add-the-resources-element'
Error: \docs\design\design-office-add-ins-for-the-ipad.md: Destination missing for link 'Update the version of your JavaScript API for Office and manifest schema files' to URL '../../docs/overview/update-your-javascript-api-for-office-and-manifest-schema-version.md'
Error: \docs\design\ui-elements\layout-for-content-add-ins.md: BookmarkMissing: for link 'custom HTML-based UI' to URL 'ui-elements.md#custom-HTML-based-UI'
Error: \docs\design\ui-elements\layout-for-task-pane-add-ins.md: BookmarkMissing: for link 'custom HTML-based UI' to URL 'ui-elements.md#custom-HTML-based-UI'
Error: \docs\develop\addressing-same-origin-policy-limitations.md: Destination missing for link 'Privacy and security for Office Add-ins' to URL '../../docs/essentials/privacy-and-security.md'
Error: \docs\develop\asynchronous-programming-in-office-add-ins.md: Destination missing for link 'Understanding the JavaScript API for Office' to URL '../../docs/overview/understanding-the-javascript-api-for-office.md'
Error: \docs\develop\bind-to-regions-in-a-document-or-spreadsheet.md: BookmarkMissing: for link 'Office.select method' to URL '../../docs/develop/bind-to-regions-in-a-document-or-spreadsheet.md#BindRegions_Select'
Error: \docs\develop\bind-to-regions-in-a-document-or-spreadsheet.md: Destination missing for link 'Task pane and content add-ins for Office 2013' to URL '../../docs/essentials/task-pane-and-content-add-ins.md'
Error: \docs\develop\bind-to-regions-in-a-document-or-spreadsheet.md: Destination missing for link 'Understanding the JavaScript API for Office' to URL '../../docs/overview/understanding-the-javascript-api-for-office.md'
Error: \docs\develop\create-a-sharepoint-add-in-that-contains-a-document-template-and-a-task-pane-add-in.md: Destination missing for link 'Task pane and content add-ins for Office 2013' to URL '../../docs/essentials/task-pane-and-content-add-ins.md'
Error: \docs\develop\create-a-sharepoint-add-in-that-contains-a-document-template-and-a-task-pane-add-in.md: Destination missing for link 'Understanding the JavaScript API for Office' to URL '../../docs/overview/understanding-the-javascript-api-for-office.md'
Error: \docs\develop\create-better-add-ins-for-word-with-office-open-xml.md: BookmarkMissing: for link 'Additional resources' to URL '../../docs/develop/create-better-add-ins-for-word-with-office-open-xml.md#bk_AdditionalResources'
Error: \docs\develop\create-better-add-ins-for-word-with-office-open-xml.md: BookmarkMissing: for link 'Creating your own markup: best practices' to URL '../../docs/develop/create-better-add-ins-for-word-with-office-open-xml.md#bk_CreatingOwnMarkup'
Error: \docs\develop\create-better-add-ins-for-word-with-office-open-xml.md: BookmarkMissing: for link 'Adding objects that use additional Office Open XML parts' to URL '../../docs/develop/create-better-add-ins-for-word-with-office-open-xml.md#bk_AddingObjectsThatUseOOXMLParts'
Error: \docs\develop\create-better-add-ins-for-word-with-office-open-xml.md: BookmarkMissing: for link 'Overview' to URL '../../docs/develop/create-better-add-ins-for-word-with-office-open-xml.md#bk_Overview'
Error: \docs\develop\create-better-add-ins-for-word-with-office-open-xml.md: BookmarkMissing: for link 'Additional resources' to URL '../../docs/develop/create-better-add-ins-for-word-with-office-open-xml.md#bk_AdditionalResources'
Error: \docs\develop\create-better-add-ins-for-word-with-office-open-xml.md: BookmarkMissing: for link 'Add and bind to a named content control' to URL '../../docs/develop/create-better-add-ins-for-word-with-office-open-xml.md#bk_AddAndBind'
Error: \docs\develop\format-tables-in-add-ins-for-excel.md: Destination missing for link 'use or be updated to use Office.js v1.1 or later' to URL '../../docs/overview/update-your-javascript-api-for-office-and-manifest-schema-version.md'
Error: \docs\develop\format-tables-in-add-ins-for-excel.md: BookmarkMissing: for link 'clear or update formatting' to URL '#FormatTablesInApps_UpdatingClearing'
Error: \docs\develop\format-tables-in-add-ins-for-excel.md: BookmarkMissing: for link 'Supported formatting keys and values' to URL '../../docs/develop/format-tables-in-add-ins-for-excel.md#FormatTablesInApps_SupportedFormatting'
Error: \docs\develop\get-the-whole-document-from-an-add-in-for-powerpoint-or-word.md: Destination missing for link 'Create a task pane or content add-in with Visual Studio' to URL '../../docs/essentials/create-a-task-pane-or-content-add-in-with-visual-studio.md'
Error: \docs\develop\get-the-whole-document-from-an-add-in-for-powerpoint-or-word.md: Destination missing for link 'Create a task pane or content add-in for Word or Excel by using a text editor' to URL '../../docs/essentials/create-a-task-pane-or-content-add-in-for-word-or-excel-by-using-a-text-editor.md'
Error: \docs\develop\get-the-whole-document-from-an-add-in-for-powerpoint-or-word.md: Destination missing for link 'Create a task pane add-in with Napa Office 365 Development Tools' to URL '../../docs/essentials/create-a-task-pane-add-in-with-napa.md'
Error: \docs\develop\get-the-whole-document-from-an-add-in-for-powerpoint-or-word.md: Destination missing for link 'Task pane and content add-ins for Office 2013' to URL '../../docs/essentials/task-pane-and-content-add-ins.md'
Error: \docs\develop\get-the-whole-document-from-an-add-in-for-powerpoint-or-word.md: Destination missing for link 'Create a task pane or content add-in for Word or Excel by using a text editor' to URL '../../docs/essentials/create-a-task-pane-or-content-add-in-for-word-or-excel-by-using-a-text-editor.md'
Error: \docs\develop\loading-the-dom-and-runtime-environment.md: Destination missing for link 'Understanding the JavaScript API for Office' to URL '../../docs/overview/understanding-the-javascript-api-for-office.md'
Error: \docs\develop\persisting-add-in-state-and-settings.md: Destination missing for link 'Understanding the JavaScript API for Office' to URL '../../docs/overview/understanding-the-javascript-api-for-office.md'
Error: \docs\develop\read-and-write-data-to-the-active-selection-in-a-document-or-spreadsheet.md: Link specifies ID 'Read selected data' which was not found in the document.
Error: \docs\develop\read-and-write-data-to-the-active-selection-in-a-document-or-spreadsheet.md: Destination missing for link 'Task pane and content add-ins for Office 2013' to URL '../../docs/essentials/task-pane-and-content-add-ins.md'
Error: \docs\develop\read-and-write-data-to-the-active-selection-in-a-document-or-spreadsheet.md: BookmarkMissing: for link 'Read data from a binding' to URL '../../docs/develop/bind-to-regions-in-a-document-or-spreadsheet.md#BindRegions_Read'
Error: \docs\develop\read-and-write-data-to-the-active-selection-in-a-document-or-spreadsheet.md: BookmarkMissing: for link 'Write data to a binding' to URL '../../docs/develop/bind-to-regions-in-a-document-or-spreadsheet.md#BindRegions_Write'
Error: \docs\develop\referencing-the-javascript-api-for-office-library-from-its-cdn.md: Link specifies ID 'Update the version of your JavaScript API for Office and manifest schema files' which was not found in the document.
Error: \docs\develop\referencing-the-javascript-api-for-office-library-from-its-cdn.md: Destination missing for link 'Understanding the JavaScript API for Office' to URL '../../docs/overview/understanding-the-javascript-api-for-office.md'
Error: \docs\develop\referencing-the-javascript-api-for-office-library-from-its-cdn.md: Destination missing for link 'Office Add-ins platform overview' to URL '../../docs/overview/platform-overview.md'
Error: \docs\develop\requesting-permissions-for-api-use-in-content-and-task-pane-add-ins.md: Destination missing for link 'Task pane and content add-ins for Office 2013' to URL '../../docs/essentials/task-pane-and-content-add-ins.md'
Error: \docs\develop\requesting-permissions-for-api-use-in-content-and-task-pane-add-ins.md: Destination missing for link 'Privacy and security for Office Add-ins' to URL '../../docs/essentials/privacy-and-security.md'
Error: \docs\develop\resource-limits-and-performance-optimization.md: Link specifies ID 'Current user' which was not found in the document.
Error: \docs\develop\resource-limits-and-performance-optimization.md: Destination missing for link 'Privacy and security for Office Add-ins' to URL '../../docs/essentials/privacy-and-security.md'
Error: \docs\develop\understanding-the-javascript-api-for-office.md: Destination missing for link 'Update the version of your JavaScript API for Office and manifest schema files' to URL '../../docs/overview/update-your-javascript-api-for-office-and-manifest-schema-version.md'
Error: \docs\develop\understanding-the-javascript-api-for-office.md: Destination missing for link 'Reference the JavaScript API for Office library' to URL '../../docs/get-started/referencing-the-javascript-api-for-office-library-from-its-cdn.md'
Error: \docs\develop\understanding-the-javascript-api-for-office.md: Destination missing for link 'Loading the DOM and runtime environment' to URL '../../docs/overview/loading-the-dom-and-runtime-environment.md'
Error: \docs\develop\understanding-the-javascript-api-for-office.md: Destination missing for link '1.1 add-in manifest schema and features supported by v1.1 JavaScript API for Office' to URL '../../docs/overview/update-your-javascript-api-for-office-and-manifest-schema-version.md'
Error: \docs\develop\update-your-javascript-api-for-office-and-manifest-schema-version.md: Destination missing for link 'Understanding the JavaScript API for Office' to URL '../../docs/overview/understanding-the-javascript-api-for-office.md'
Error: \docs\excel\excel-add-ins-javascript-programming-overview.md: Destination missing for link 'Excel add-ins code samples' to URL 'excel-add-ins-code-samples.md'
Error: \docs\get-started\create-an-office-add-in-using-any-editor.md: Link specifies ID 'project folder' which was not found in the document.
Error: \docs\get-started\create-an-office-add-in-using-any-editor.md: Link specifies ID 'name-of-your-web-app' which was not found in the document.
Error: \docs\get-started\create-an-office-add-in-using-any-editor.md: Link specifies ID 'path-to-add-in' which was not found in the document.
Error: \docs\get-started\create-an-office-add-in-using-any-editor.md: Destination missing for link 'Create and debug Office Add-ins in Visual Studio' to URL '../../docs/essentials/create-and-debug-office-add-ins-in-visual-studio.md'
Error: \docs\get-started\create-an-office-add-in-with-napa.md: Destination missing for link 'Office Add-in' to URL '../../docs/overview/platform-overview.md'
Error: \docs\get-started\create-an-office-add-in-with-napa.md: Destination missing for link 'Create a content add-in for Excel with Napa Office 365 Development Tools' to URL '../../docs/essentials/create-a-content-add-in-with-napa.md'
Error: \docs\get-started\create-an-office-add-in-with-napa.md: Destination missing for link 'Create a task pane add-in with Napa Office 365 Development Tools' to URL '../../docs/essentials/create-a-task-pane-add-in-with-napa.md'
Error: \docs\get-started\create-an-office-add-in-with-napa.md: Destination missing for link 'Create a task pane or content add-in with Visual Studio' to URL '../../docs/essentials/create-a-task-pane-or-content-add-in-with-visual-studio.md'
Error: \docs\get-started\create-an-office-add-in-with-napa.md: Destination missing for link 'Create a task pane or content add-in for Word or Excel by using a text editor' to URL '../../docs/essentials/create-a-task-pane-or-content-add-in-for-word-or-excel-by-using-a-text-editor.md'
Error: \docs\get-started\create-and-debug-office-add-ins-in-visual-studio.md: Destination missing for link 'Create a task pane or content add-in with Visual Studio' to URL '../../docs/essentials/create-a-task-pane-or-content-add-in-with-visual-studio.md'
Error: \docs\outlook\add-and-remove-attachments-to-an-item-in-a-compose-form.md: BookmarkMissing: for link 'passing optional parameters to asynchronous methods' to URL '../../docs/develop/asynchronous-programming-in-office-add-ins.md#AsyncProgramming_OptionalParameters'
Error: \docs\outlook\apis.md: Link specifies ID 'head' which was not found in the document.
Error: \docs\outlook\apis.md: Link specifies ID 'src' which was not found in the document.
Error: \docs\outlook\apis.md: Link specifies ID 'script' which was not found in the document.
Error: \docs\outlook\apis.md: BookmarkMissing: for link 'makeEwsRequestAsync' to URL '../../reference/outlook/Office.context.mailbox.md#makeewsrequestasyncdata-callback-usercontext'
Error: \docs\outlook\apis.md: Destination missing for link 'Privacy, permissions, and security for Outlook add-ins' to URL '../outlook/../../docs/essentials/privacy-and-security.md'
Error: \docs\outlook\apis.md: Destination missing for link 'Privacy, permissions, and security for Outlook add-ins' to URL '../outlook/../../docs/essentials/privacy-and-security.md'
Error: \docs\outlook\compose-scenario.md: BookmarkMissing: for link 'Specify activation rules in a manifest' to URL '../outlook/manifests/activation-rules.md#MailAppDefineRules_Manifest'
Error: \docs\outlook\extract-entity-strings-from-an-item.md: BookmarkMissing: for link 'JavaScript implementation' to URL '#olowa15conagave_entitiesJSImplementation'
Error: \docs\outlook\get-or-set-the-location-of-an-appointment.md: BookmarkMissing: for link 'Setting up Outlook add-ins for compose forms' to URL '../outlook/compose-scenario.md#mod_off15_CreatingForCompose_SettingUp'
Error: \docs\outlook\get-or-set-the-subject.md: BookmarkMissing: for link 'Setting up Outlook add-ins for compose forms' to URL '../outlook/compose-scenario.md#mod_off15_CreatingForCompose_SettingUp'
Error: \docs\outlook\get-or-set-the-time-of-an-appointment.md: BookmarkMissing: for link 'Setting up Outlook add-ins for compose forms' to URL '../outlook/compose-scenario.md#mod_off15_CreatingForCompose_SettingUp'
Error: \docs\outlook\get-set-or-add-recipients.md: BookmarkMissing: for link 'Setting up Outlook add-ins for compose forms' to URL '../outlook/compose-scenario.md#mod_off15_CreatingForCompose_SettingUp'
Error: \docs\outlook\insert-data-in-the-body.md: BookmarkMissing: for link 'Setting up Outlook add-ins for compose forms' to URL '../outlook/compose-scenario.md#mod_off15_CreatingForCompose_SettingUp'
Error: \docs\outlook\limits-for-activation-and-javascript-api-for-outlook-add-ins.md: Link specifies ID '\s\S' which was not found in the document.
Error: \docs\outlook\limits-for-activation-and-javascript-api-for-outlook-add-ins.md: Destination missing for link 'Privacy, permissions, and security for Outlook add-ins' to URL '../outlook/../../docs/essentials/privacy-and-security.md'
Error: \docs\outlook\match-strings-in-an-item-as-well-known-entities.md: BookmarkMissing: for link 'Activation rules for Outlook add-ins' to URL '../outlook/manifests/activation-rules.md#MailAppDefineRules_Activation'
Error: \docs\outlook\match-strings-in-an-item-as-well-known-entities.md: BookmarkMissing: for link 'Tips for using well-known entities' to URL '#MailAppEntities_Tips'
Error: \docs\outlook\match-strings-in-an-item-as-well-known-entities.md: BookmarkMissing: for link 'Retrieving entities in your add-in' to URL '#MailAppEntities_Retrieving'
Error: \docs\outlook\match-strings-in-an-item-as-well-known-entities.md: BookmarkMissing: for link 'Activating an add-in based on the existence of an entity' to URL '#MailAppEntities_Activating'
Error: \docs\outlook\match-strings-in-an-item-as-well-known-entities.md: BookmarkMissing: for link 'Retrieving entities in your add-in' to URL '#MailAppEntities_Retrieving'
Error: \docs\outlook\outlook-add-ins.md: BookmarkMissing: for link 'Support for well-known entities' to URL '../outlook/match-strings-in-an-item-as-well-known-entities.md#MailAppEntities_Supported'
Error: \docs\outlook\overview.md: Destination missing for link 'Contextual Outlook add-ins' to URL '2cd5d8f1-69b3-4a2a-b31e-81a07a7cdd9f.htm'
Error: \docs\outlook\overview.md: Destination missing for link 'Activation rules for Outlook add-ins' to URL 'b3fd6d69-b968-461d-a40e-6063f4febfe6.htm'
Error: \docs\outlook\overview.md: Destination missing for link 'Use regular expression activation rules to show an Outlook add-in' to URL '93504f92-896f-4c80-9205-ba0b125f4290.htm'
Error: \docs\outlook\overview.md: Destination missing for link 'Match strings in an Outlook item as well-known entities' to URL 'a6b0904b-afe9-4882-9136-3d8cfd57fcf8.htm'
Error: \docs\outlook\overview.md: Destination missing for link 'Get attachments of an Outlook item from the server' to URL '0f872924-ea1a-4aa2-bb7b-e12d31014612.htm'
Error: \docs\outlook\overview.md: Destination missing for link 'Add and remove attachments to an item in a compose form in Outlook' to URL '62669c4d-6829-4476-bac2-cac95fc0961e.htm'
Error: \docs\outlook\privacy-and-security.md: BookmarkMissing: for link 'End users: privacy and performance concerns' to URL '#olowa15conagave_privacy'
Error: \docs\outlook\privacy-and-security.md: BookmarkMissing: for link 'Developers: permission choices and resource usage limits' to URL '#olowa15conagave_choices'
Error: \docs\outlook\privacy-and-security.md: Destination missing for link 'Privacy and security for Office Add-ins' to URL '../../docs/essentials/privacy-and-security.md'
Error: \docs\outlook\read-scenario.md: BookmarkMissing: for link 'Specify activation rules in a manifest' to URL '../outlook/manifests/activation-rules.md#MailAppDefineRules_Manifest'
Error: \docs\outlook\troubleshoot-outlook-add-in-activation.md: Link specifies ID 'GUID' which was not found in the document.
Error: \docs\outlook\troubleshoot-outlook-add-in-activation.md: Link specifies ID 'BASE 64 Hash' which was not found in the document.
Error: \docs\outlook\troubleshoot-outlook-add-in-activation.md: Link specifies ID 'ManifestVersion' which was not found in the document.
Error: \docs\outlook\troubleshoot-outlook-add-in-activation.md: BookmarkMissing: for link 'Is the user mailbox on a version of Exchange Server that is at least Exchange 2013?' to URL '#TroubleshootingMailApps_MailboxE15'
Error: \docs\outlook\understanding-outlook-add-in-permissions.md: BookmarkMissing: for link 'Get only specific entities' to URL '../outlook/match-strings-in-an-item-as-well-known-entities.md#MailAppEntities_Retrieving'
Error: \docs\outlook\understanding-outlook-add-in-permissions.md: BookmarkMissing: for link 'ItemIs activation rule' to URL '../outlook/manifests/activation-rules.md#MailAppDefineRules_ItemIs'
Error: \docs\outlook\understanding-outlook-add-in-permissions.md: BookmarkMissing: for link 'ItemHasKnownEntity rule' to URL '../outlook/match-strings-in-an-item-as-well-known-entities.md#MailAppEntities_Activating'
Error: \docs\outlook\understanding-outlook-add-in-permissions.md: BookmarkMissing: for link 'Get all existing well-known entities' to URL '../outlook/match-strings-in-an-item-as-well-known-entities.md#MailAppEntities_Retrieving'
Error: \docs\outlook\understanding-outlook-add-in-permissions.md: BookmarkMissing: for link 'well-known entities' to URL '../outlook/manifests/activation-rules.md#MailAppDefineRules_ItemHasKnownEntity'
Error: \docs\outlook\understanding-outlook-add-in-permissions.md: BookmarkMissing: for link 'regular expressions' to URL '../outlook/manifests/activation-rules.md#MailAppDefineRules_ItemHasRegularExpressionMatch'
Error: \docs\outlook\understanding-outlook-add-in-permissions.md: Destination missing for link 'Privacy, permissions, and security for Outlook add-ins' to URL '../outlook/../../docs/essentials/privacy-and-security.md'
Error: \docs\outlook\use-regular-expressions-to-show-an-outlook-add-in.md: BookmarkMissing: for link 'Activation rules for Outlook add-ins' to URL '../outlook/manifests/activation-rules.md#MailAppDefineRules_Activation'
Error: \docs\outlook\web-services.md: Destination missing for link 'Privacy and security for Office Add-ins' to URL '../../docs/essentials/privacy-and-security.md'
Error: \docs\outlook\web-services.md: BookmarkMissing: for link 'ReadWriteMailbox permission' to URL '../outlook/understanding-outlook-add-in-permissions.md#olowa15conagave_permmodelreadwrite'
Error: \docs\outlook\web-services.md: Destination missing for link 'Privacy and security for Office Add-ins' to URL '../../docs/essentials/privacy-and-security.md'
Error: \docs\outlook\web-services.md: Destination missing for link 'Addressing same-origin policy limitations in Office Add-ins' to URL '../../docs/essentials/addressing-same-origin-policy-limitations.md'
Error: \docs\outlook\manifests\define-add-in-commands.md: BookmarkMissing: for link 'Resources element' to URL '#VersionOverrides10_Resources'
Error: \docs\outlook\manifests\define-add-in-commands.md: BookmarkMissing: for link 'FunctionFile element' to URL '#VersionOverrides10_FunctionFile'
Error: \docs\outlook\manifests\define-add-in-commands.md: BookmarkMissing: for link 'ExtensionPoint element' to URL '#VersionOverrides10_ExtensionPoint'
Error: \docs\outlook\manifests\define-add-in-commands.md: BookmarkMissing: for link 'Button controls' to URL '#VersionOverrides10_Buttons'
Error: \docs\outlook\manifests\define-add-in-commands.md: BookmarkMissing: for link 'Button controls' to URL '#VersionOverrides10_Buttons'
Error: \docs\outlook\manifests\define-add-in-commands.md: BookmarkMissing: for link 'Menu (dropdown button) controls' to URL '#VersionOverrides10_Menus'
Error: \docs\outlook\manifests\define-add-in-commands.md: BookmarkMissing: for link 'Button controls' to URL '#VersionOverrides10_Buttons'
Error: \docs\outlook\manifests\define-add-in-commands.md: BookmarkMissing: for link 'Menu (dropdown button) controls' to URL '#VersionOverrides10_Menus'
Error: \docs\outlook\manifests\define-add-in-commands.md: BookmarkMissing: for link 'Button controls' to URL '#VersionOverrides10_Buttons'
Error: \docs\outlook\manifests\manifests.md: Destination missing for link 'Localization for Office Add-ins' to URL '../../essentials/localization.md'
Error: \docs\outlook\manifests\manifests.md: Destination missing for link 'Design guidelines for Office Add-ins' to URL '../../docs/design/add-in-design.md'
Error: \docs\overview\add-in-manifests.md: Destination missing for link 'Update the version of your JavaScript API for Office and manifest schema files' to URL '../../docs/overview/update-your-javascript-api-for-office-and-manifest-schema-version.md'
Error: \docs\overview\add-in-manifests.md: BookmarkMissing: for link 'Manifest v1.1 XML file examples' to URL '#O15AgaveManifestOverview_Samplev1_1'
Error: \docs\overview\add-in-manifests.md: Destination missing for link 'Update the version of your JavaScript API for Office and manifest schema files' to URL '../../docs/overview/update-your-javascript-api-for-office-and-manifest-schema-version.md'
Error: \docs\overview\add-in-manifests.md: Destination missing for link 'Localization for Office Add-ins' to URL '../../docs/essentials/localization.md'
Error: \docs\overview\office-add-ins.md: Destination missing for link 'Create and debug Office Add-ins in Visual Studio' to URL '../../docs/essentials/create-and-debug-office-add-ins-in-visual-studio.md'
Error: \docs\overview\office-add-ins.md: Destination missing for link 'Create a task pane or content add-in with Visual Studio' to URL '../../docs/essentials/create-a-task-pane-or-content-add-in-with-visual-studio.md'
Error: \docs\overview\office-add-ins.md: Destination missing for link 'Create a task pane or content add-in for Word or Excel by using a text editor' to URL '../../docs/essentials/create-a-task-pane-or-content-add-in-for-word-or-excel-by-using-a-text-editor.md'
Error: \docs\overview\office-add-ins.md: Destination missing for link 'Understanding the JavaScript API for Office' to URL '../../docs/overview/understanding-the-javascript-api-for-office.md'
Error: \docs\overview\office-add-ins.md: Destination missing for link 'Task pane and content add-ins for Office 2013' to URL '../../docs/essentials/task-pane-and-content-add-ins.md'
Error: \docs\overview\requirements-for-running-office-add-ins.md: Destination missing for link 'Office Add-ins platform overview' to URL '../../docs/overview/platform-overview.md'
Error: \docs\overview\specify-office-hosts-and-api-requirements.md: BookmarkMissing: for link 'Set the Hosts element' to URL '../../docs/overview/specify-office-hosts-and-api-requirements.md#SetHosts'
Error: \docs\overview\specify-office-hosts-and-api-requirements.md: BookmarkMissing: for link 'Set the Requirements element in the manifest' to URL '../../docs/overview/specify-office-hosts-and-api-requirements.md#RequirementsElement'
Error: \docs\overview\specify-office-hosts-and-api-requirements.md: BookmarkMissing: for link 'Use runtime checks in your JavaScript code' to URL '../../docs/overview/specify-office-hosts-and-api-requirements.md#Runtimecheck'
Error: \docs\overview\specify-office-hosts-and-api-requirements.md: BookmarkMissing: for link 'Specify the latest JavaScript API for Office library' to URL '../../docs/overview/specify-office-hosts-and-api-requirements.md#ReferenceOfficeJS'
Error: \docs\overview\specify-office-hosts-and-api-requirements.md: BookmarkMissing: for link 'Runtime checks using methods not in a requirement set' to URL '../../docs/overview/specify-office-hosts-and-api-requirements.md#RTCmthdnotinReqSet'
Error: \docs\powerpoint\powerpoint-add-ins.md: Destination missing for link 'reference Office.js v1.1 library or later' to URL '../../docs/get-started/referencing-the-javascript-api-for-office-library-from-its-cdn.md'
Error: \docs\powerpoint\powerpoint-add-ins.md: BookmarkMissing: for link 'Read selected data' to URL '../../docs/develop/read-and-write-data-to-the-active-selection-in-a-document-or-spreadsheet.md#ReadWriteDocumentData_Read'
Error: \docs\powerpoint\powerpoint-add-ins.md: BookmarkMissing: for link 'Write data to the selection' to URL '../../docs/develop/read-and-write-data-to-the-active-selection-in-a-document-or-spreadsheet.md#ReadWriteDocumentData_Write'
Error: \docs\powerpoint\powerpoint-add-ins.md: BookmarkMissing: for link 'Detect changes in the selection' to URL '../../docs/develop/read-and-write-data-to-the-active-selection-in-a-document-or-spreadsheet.md#ReadWriteDocumentData_DetectChanges'
Error: \docs\powerpoint\powerpoint-add-ins.md: BookmarkMissing: for link 'How to save add-in state and settings per document for content and task pane add-ins' to URL '../../docs/develop/persisting-add-in-state-and-settings.md#PersistSettingsContentTaskPaneApp'
Error: \docs\powerpoint\use-document-themes-in-your-powerpoint-add-ins.md: BookmarkMissing: for link 'Theme classes for content add-ins' to URL '#officeCSS_Classes_Content'
Error: \docs\powerpoint\use-document-themes-in-your-powerpoint-add-ins.md: BookmarkMissing: for link 'Theme classes for task pane add-ins' to URL '#officeCSS_Classes_TaskPane'
Error: \docs\powerpoint\office-mix\configuring-and-editing-labsjs-labs-for-office-mix.md: Invalid URL format for link 'Walkthrough: Creating your first lab for Office Mix' to URL '../../powerpoint/office-mix/walkthrough:-creating-your-first-lab-for-office-mix.md'
Error: \docs\powerpoint\office-mix\labsjs-lab-components.md: Invalid URL format for link 'Walkthrough: Creating your first lab for Office Mix' to URL '../../powerpoint/office-mix/walkthrough:-creating-your-first-lab-for-office-mix.md'
Error: \docs\project\create-a-project-add-in-that-uses-rest-with-an-on-premises-odata-service.md: Link specifies ID 'version' which was not found in the document.
Error: \docs\project\create-a-project-add-in-that-uses-rest-with-an-on-premises-odata-service.md: Destination missing for link 'Addressing same-origin policy limitations in Office Add-ins' to URL '../../docs/essentials/addressing-same-origin-policy-limitations.md'
Error: \docs\project\create-a-project-add-in-that-uses-rest-with-an-on-premises-odata-service.md: BookmarkMissing: for link 'Next steps' to URL '#pj15_HelloProjectData_NextSteps'
Error: \docs\project\create-a-project-add-in-that-uses-rest-with-an-on-premises-odata-service.md: BookmarkMissing: for link 'Next steps' to URL '#pj15_HelloProjectData_NextSteps'
Error: \docs\project\create-your-first-task-pane-add-in-for-project-by-using-a-text-editor.md: Destination missing for link 'Understanding the JavaScript API for Office' to URL '../../docs/overview/understanding-the-javascript-api-for-office.md'
Error: \docs\project\project-add-ins.md: Destination missing for link 'Office Add-ins platform overview' to URL '../../docs/overview/platform-overview.md'
Error: \docs\project\project-add-ins.md: Destination missing for link 'Office Add-ins platform overview' to URL '../../docs/overview/platform-overview.md'
Error: \docs\project\project-add-ins.md: Destination missing for link 'Create a task pane or content add-in with Visual Studio' to URL '../../docs/essentials/create-a-task-pane-or-content-add-in-with-visual-studio.md'
Error: \docs\project\project-add-ins.md: Destination missing for link 'Create Office Add-ins with Napa with an Office 365 Developer Site' to URL '../../docs/essentials/create-office-add-ins-with-napa-with-a-developer-site.md'
Error: \docs\project\project-add-ins.md: Destination missing for link 'Office Add-ins platform overview' to URL '../../docs/overview/platform-overview.md'
Error: \docs\publish\host-an-office-add-in-on-microsoft-azure.md: Destination missing for link 'Office Add-ins platform overview' to URL '../../docs/overview/platform-overview.md'
Error: \docs\publish\host-an-office-add-in-on-microsoft-azure.md: Destination missing for link 'Office Add-ins platform overview' to URL '../../docs/overview/platform-overview.md'
Error: \docs\publish\host-an-office-add-in-on-microsoft-azure.md: BookmarkMissing: for link 'Using Visual Studio 2015 ' to URL '../publish/host-an-office-add-in-on-microsoft-azure.md#bk_usingVS2013'
Error: \docs\publish\host-an-office-add-in-on-microsoft-azure.md: BookmarkMissing: for link 'Using the Azure management portal' to URL '../publish/host-an-office-add-in-on-microsoft-azure.md#bk_createwebsiteusingAzureportal'
Error: \docs\publish\host-an-office-add-in-on-microsoft-azure.md: BookmarkMissing: for link 'Step 5: Publish your Office Add-in to the Azure website' to URL '../publish/host-an-office-add-in-on-microsoft-azure.md#bk_publishA4OtoAzure'
Error: \docs\testing\debug-office-add-ins-on-ipad-and-mac.md: Destination missing for link 'Make your Office Add-in available for iPad' to URL '8ddc78f6-5746-412e-9921-182fc159e5e2.md'
Error: \docs\testing\sideload-an-office-add-in-on-ipad-and-mac.md: Destination missing for link 'Make your Office Add-in available for iPad' to URL '8ddc78f6-5746-412e-9921-182fc159e5e2.md'
Error: \docs\testing\testing-and-troubleshooting.md: Destination missing for link 'Create and debug Office Add-ins in Visual Studio' to URL '../../docs/essentials/create-and-debug-office-add-ins-in-visual-studio.md'
Error: \docs\word\word-add-ins.md: Destination missing for link 'platform overview' to URL '../../docs/overview/platform-overview.md'
Error: \docs\word\word-add-ins.md: Destination missing for link 'Word add-ins programming guide' to URL 'word-add-ins-programming-guide.md'
Error: \reference\javascript-api-for-office.md: Link specifies ID 'JavaScript API for Office' which was not found in the document.
Error: \reference\javascript-api-for-office.md: Destination missing for link 'supported hosts and other requirements' to URL '../../docs/overview/requirements-for-running-office-add-ins.md'
Error: \reference\reference.md: Destination missing for link 'Office Add-ins' to URL '../../docs/overview/office-add-ins.md'
Error: \reference\reference.md: Destination missing for link 'Office Add-ins development lifecycle' to URL '../../docs/design/add-in-development-lifecycle.md'
Error: \reference\schema-reference-for-office-add-ins-manifests-v1.1.md: Link specifies ID 'Schema reference for Office Add-ins manifest (v1.1)' which was not found in the document.
Error: \reference\schema-reference-for-office-add-ins-manifests-v1.1.md: Destination missing for link 'supported hosts and other requirements' to URL '../../docs/overview/requirements-for-running-office-add-ins.md'
Error: \reference\what's-changed-in-the-javascript-api-for-office.md: Destination missing for link 'update the JavaScript API for Office files in your project' to URL '../../docs/overview/update-your-javascript-api-for-office-and-manifest-schema-version.md'
Error: \reference\what's-changed-in-the-javascript-api-for-office.md: Destination missing for link 'Office Add-ins' to URL '../../docs/overview/office-add-ins.md'
Error: \reference\excel\application.md: BookmarkMissing: for link 'calculate(calculationType: string)' to URL '#calculatecalculationtype-string'
Error: \reference\excel\application.md: BookmarkMissing: for link 'load(param: object)' to URL '#loadparam-object'
Error: \reference\excel\binding.md: BookmarkMissing: for link 'getRange()' to URL '#getrange'
Error: \reference\excel\binding.md: BookmarkMissing: for link 'getTable()' to URL '#gettable'
Error: \reference\excel\binding.md: BookmarkMissing: for link 'getText()' to URL '#gettext'
Error: \reference\excel\binding.md: BookmarkMissing: for link 'load(param: object)' to URL '#loadparam-object'
Error: \reference\excel\bindingcollection.md: BookmarkMissing: for link 'getItem(id: string)' to URL '#getitemid-string'
Error: \reference\excel\bindingcollection.md: BookmarkMissing: for link 'getItemAt(index: number)' to URL '#getitematindex-number'
Error: \reference\excel\bindingcollection.md: BookmarkMissing: for link 'load(param: object)' to URL '#loadparam-object'
Error: \reference\excel\chart.md: BookmarkMissing: for link 'delete()' to URL '#delete'
Error: \reference\excel\chart.md: BookmarkMissing: for link 'load(param: object)' to URL '#loadparam-object'
Error: \reference\excel\chart.md: BookmarkMissing: for link 'setData(sourceData: Range or string, seriesBy: string)' to URL '#setdatasourcedata-range-or-string-seriesby-string'
Error: \reference\excel\chart.md: BookmarkMissing: for link 'setPosition(startCell: Range or string, endCell: Range or string)' to URL '#setpositionstartcell-range-or-string-endcell-range-or-string'
Error: \reference\excel\chartareaformat.md: BookmarkMissing: for link 'load(param: object)' to URL '#loadparam-object'
Error: \reference\excel\chartaxes.md: BookmarkMissing: for link 'load(param: object)' to URL '#loadparam-object'
Error: \reference\excel\chartaxis.md: BookmarkMissing: for link 'load(param: object)' to URL '#loadparam-object'
Error: \reference\excel\chartaxisformat.md: BookmarkMissing: for link 'load(param: object)' to URL '#loadparam-object'
Error: \reference\excel\chartaxistitle.md: BookmarkMissing: for link 'load(param: object)' to URL '#loadparam-object'
Error: \reference\excel\chartaxistitleformat.md: BookmarkMissing: for link 'load(param: object)' to URL '#loadparam-object'
Error: \reference\excel\chartcollection.md: BookmarkMissing: for link 'add(type: string, sourceData: Range, seriesBy: string)' to URL '#addtype-string-sourcedata-range-seriesby-string'
Error: \reference\excel\chartcollection.md: BookmarkMissing: for link 'getItem(name: string)' to URL '#getitemname-string'
Error: \reference\excel\chartcollection.md: BookmarkMissing: for link 'getItemAt(index: number)' to URL '#getitematindex-number'
Error: \reference\excel\chartcollection.md: BookmarkMissing: for link 'load(param: object)' to URL '#loadparam-object'
Error: \reference\excel\chartdatalabelformat.md: BookmarkMissing: for link 'load(param: object)' to URL '#loadparam-object'
Error: \reference\excel\chartdatalabels.md: BookmarkMissing: for link 'load(param: object)' to URL '#loadparam-object'
Error: \reference\excel\chartfill.md: BookmarkMissing: for link 'clear()' to URL '#clear'
Error: \reference\excel\chartfill.md: BookmarkMissing: for link 'setSolidColor(color: string)' to URL '#setsolidcolorcolor-string'
Error: \reference\excel\chartfont.md: BookmarkMissing: for link 'load(param: object)' to URL '#loadparam-object'
Error: \reference\excel\chartgridlines.md: BookmarkMissing: for link 'load(param: object)' to URL '#loadparam-object'
Error: \reference\excel\chartgridlinesformat.md: BookmarkMissing: for link 'load(param: object)' to URL '#loadparam-object'
Error: \reference\excel\chartlegend.md: BookmarkMissing: for link 'load(param: object)' to URL '#loadparam-object'
Error: \reference\excel\chartlegendformat.md: BookmarkMissing: for link 'load(param: object)' to URL '#loadparam-object'
Error: \reference\excel\chartlineformat.md: BookmarkMissing: for link 'clear()' to URL '#clear'
Error: \reference\excel\chartlineformat.md: BookmarkMissing: for link 'load(param: object)' to URL '#loadparam-object'
Error: \reference\excel\chartpoint.md: BookmarkMissing: for link 'load(param: object)' to URL '#loadparam-object'
Error: \reference\excel\chartpointformat.md: BookmarkMissing: for link 'load(param: object)' to URL '#loadparam-object'
Error: \reference\excel\chartpointscollection.md: BookmarkMissing: for link 'getItemAt(index: number)' to URL '#getitematindex-number'
Error: \reference\excel\chartpointscollection.md: BookmarkMissing: for link 'load(param: object)' to URL '#loadparam-object'
Error: \reference\excel\chartseries.md: BookmarkMissing: for link 'load(param: object)' to URL '#loadparam-object'
Error: \reference\excel\chartseriescollection.md: BookmarkMissing: for link 'getItemAt(index: number)' to URL '#getitematindex-number'
Error: \reference\excel\chartseriescollection.md: BookmarkMissing: for link 'load(param: object)' to URL '#loadparam-object'
Error: \reference\excel\chartseriesformat.md: BookmarkMissing: for link 'load(param: object)' to URL '#loadparam-object'
Error: \reference\excel\charttitle.md: BookmarkMissing: for link 'load(param: object)' to URL '#loadparam-object'
Error: \reference\excel\charttitleformat.md: BookmarkMissing: for link 'load(param: object)' to URL '#loadparam-object'
Error: \reference\excel\loadoption.md: Link specifies ID ' "property1", "relationship1"' which was not found in the document.
Error: \reference\excel\loadoption.md: Link specifies ID ' "relationship1", "relationship2"' which was not found in the document.
Error: \reference\excel\nameditem.md: BookmarkMissing: for link 'getRange()' to URL '#getrange'
Error: \reference\excel\nameditem.md: BookmarkMissing: for link 'load(param: object)' to URL '#loadparam-object'
Error: \reference\excel\nameditemcollection.md: BookmarkMissing: for link 'getItem(name: string)' to URL '#getitemname-string'
Error: \reference\excel\nameditemcollection.md: BookmarkMissing: for link 'load(param: object)' to URL '#loadparam-object'
Error: \reference\excel\range.md: Link specifies ID '' which was not found in the document.
Error: \reference\excel\range.md: BookmarkMissing: for link 'clear(applyTo: string)' to URL '#clearapplyto-string'
Error: \reference\excel\range.md: BookmarkMissing: for link 'delete(shift: string)' to URL '#deleteshift-string'
Error: \reference\excel\range.md: BookmarkMissing: for link 'getBoundingRect(anotherRange: Range or string)' to URL '#getboundingrectanotherrange-range-or-string'
Error: \reference\excel\range.md: BookmarkMissing: for link 'getCell(row: number, column: number)' to URL '#getcellrow-number-column-number'
Error: \reference\excel\range.md: BookmarkMissing: for link 'getColumn(column: number)' to URL '#getcolumncolumn-number'
Error: \reference\excel\range.md: BookmarkMissing: for link 'getEntireColumn()' to URL '#getentirecolumn'
Error: \reference\excel\range.md: BookmarkMissing: for link 'getEntireRow()' to URL '#getentirerow'
Error: \reference\excel\range.md: BookmarkMissing: for link 'getIntersection(anotherRange: Range or string)' to URL '#getintersectionanotherrange-range-or-string'
Error: \reference\excel\range.md: BookmarkMissing: for link 'getLastCell()' to URL '#getlastcell'
Error: \reference\excel\range.md: BookmarkMissing: for link 'getLastColumn()' to URL '#getlastcolumn'
Error: \reference\excel\range.md: BookmarkMissing: for link 'getLastRow()' to URL '#getlastrow'
Error: \reference\excel\range.md: BookmarkMissing: for link 'getOffsetRange(rowOffset: number, columnOffset: number)' to URL '#getoffsetrangerowoffset-number-columnoffset-number'
Error: \reference\excel\range.md: BookmarkMissing: for link 'getRow(row: number)' to URL '#getrowrow-number'
Error: \reference\excel\range.md: BookmarkMissing: for link 'getUsedRange()' to URL '#getusedrange'
Error: \reference\excel\range.md: BookmarkMissing: for link 'insert(shift: string)' to URL '#insertshift-string'
Error: \reference\excel\range.md: BookmarkMissing: for link 'load(param: object)' to URL '#loadparam-object'
Error: \reference\excel\range.md: BookmarkMissing: for link 'select()' to URL '#select'
Error: \reference\excel\rangeborder.md: BookmarkMissing: for link 'load(param: object)' to URL '#loadparam-object'
Error: \reference\excel\rangebordercollection.md: BookmarkMissing: for link 'getItem(index: string)' to URL '#getitemindex-string'
Error: \reference\excel\rangebordercollection.md: BookmarkMissing: for link 'getItemAt(index: number)' to URL '#getitematindex-number'
Error: \reference\excel\rangebordercollection.md: BookmarkMissing: for link 'load(param: object)' to URL '#loadparam-object'
Error: \reference\excel\rangefill.md: BookmarkMissing: for link 'clear()' to URL '#clear'
Error: \reference\excel\rangefill.md: BookmarkMissing: for link 'load(param: object)' to URL '#loadparam-object'
Error: \reference\excel\rangefont.md: BookmarkMissing: for link 'load(param: object)' to URL '#loadparam-object'
Error: \reference\excel\rangeformat.md: BookmarkMissing: for link 'load(param: object)' to URL '#loadparam-object'
Error: \reference\excel\requestcontext.md: BookmarkMissing: for link 'load(object: object, option: object)' to URL '#loadobject-object-option-object'
Error: \reference\excel\table.md: BookmarkMissing: for link 'delete()' to URL '#delete'
Error: \reference\excel\table.md: BookmarkMissing: for link 'getDataBodyRange()' to URL '#getdatabodyrange'
Error: \reference\excel\table.md: BookmarkMissing: for link 'getHeaderRowRange()' to URL '#getheaderrowrange'
Error: \reference\excel\table.md: BookmarkMissing: for link 'getRange()' to URL '#getrange'
Error: \reference\excel\table.md: BookmarkMissing: for link 'getTotalRowRange()' to URL '#gettotalrowrange'
Error: \reference\excel\table.md: BookmarkMissing: for link 'load(param: object)' to URL '#loadparam-object'
Error: \reference\excel\tablecollection.md: BookmarkMissing: for link 'add(address: string, hasHeaders: bool)' to URL '#addaddress-string-hasheaders-bool'
Error: \reference\excel\tablecollection.md: BookmarkMissing: for link 'getItem(key: number or string)' to URL '#getitemkey-number-or-string'
Error: \reference\excel\tablecollection.md: BookmarkMissing: for link 'getItemAt(index: number)' to URL '#getitematindex-number'
Error: \reference\excel\tablecollection.md: BookmarkMissing: for link 'load(param: object)' to URL '#loadparam-object'
Error: \reference\excel\tablecolumn.md: Link specifies ID '' which was not found in the document.
Error: \reference\excel\tablecolumn.md: BookmarkMissing: for link 'delete()' to URL '#delete'
Error: \reference\excel\tablecolumn.md: BookmarkMissing: for link 'getDataBodyRange()' to URL '#getdatabodyrange'
Error: \reference\excel\tablecolumn.md: BookmarkMissing: for link 'getHeaderRowRange()' to URL '#getheaderrowrange'
Error: \reference\excel\tablecolumn.md: BookmarkMissing: for link 'getRange()' to URL '#getrange'
Error: \reference\excel\tablecolumn.md: BookmarkMissing: for link 'getTotalRowRange()' to URL '#gettotalrowrange'
Error: \reference\excel\tablecolumn.md: BookmarkMissing: for link 'load(param: object)' to URL '#loadparam-object'
Error: \reference\excel\tablecolumncollection.md: BookmarkMissing: for link 'add(index: number, values: (boolean or string or number)[][])' to URL '#addindex-number-values-boolean-or-string-or-number'
Error: \reference\excel\tablecolumncollection.md: BookmarkMissing: for link 'getItem(key: number or string)' to URL '#getitemkey-number-or-string'
Error: \reference\excel\tablecolumncollection.md: BookmarkMissing: for link 'getItemAt(index: number)' to URL '#getitematindex-number'
Error: \reference\excel\tablecolumncollection.md: BookmarkMissing: for link 'load(param: object)' to URL '#loadparam-object'
Error: \reference\excel\tablecolumncollection.md: Link specifies ID '' which was not found in the document.
Error: \reference\excel\tablerow.md: Link specifies ID '' which was not found in the document.
Error: \reference\excel\tablerow.md: BookmarkMissing: for link 'delete()' to URL '#delete'
Error: \reference\excel\tablerow.md: BookmarkMissing: for link 'getRange()' to URL '#getrange'
Error: \reference\excel\tablerow.md: BookmarkMissing: for link 'load(param: object)' to URL '#loadparam-object'
Error: \reference\excel\tablerowcollection.md: BookmarkMissing: for link 'add(index: number, values: (boolean or string or number)[][])' to URL '#addindex-number-values-boolean-or-string-or-number'
Error: \reference\excel\tablerowcollection.md: BookmarkMissing: for link 'getItemAt(index: number)' to URL '#getitematindex-number'
Error: \reference\excel\tablerowcollection.md: BookmarkMissing: for link 'load(param: object)' to URL '#loadparam-object'
Error: \reference\excel\tablerowcollection.md: Link specifies ID '' which was not found in the document.
Error: \reference\excel\trackedobjectscollection.md: BookmarkMissing: for link 'add(rangeObject: Range)' to URL '#addrangeobject-range'
Error: \reference\excel\trackedobjectscollection.md: BookmarkMissing: for link 'remove(rangeObject: Range)' to URL '#removerangeobject-range'
Error: \reference\excel\trackedobjectscollection.md: BookmarkMissing: for link 'removeAll()' to URL '#removeall'
Error: \reference\excel\workbook.md: BookmarkMissing: for link 'getSelectedRange()' to URL '#getselectedrange'
Error: \reference\excel\workbook.md: BookmarkMissing: for link 'load(param: object)' to URL '#loadparam-object'
Error: \reference\excel\worksheet.md: BookmarkMissing: for link 'activate()' to URL '#activate'
Error: \reference\excel\worksheet.md: BookmarkMissing: for link 'delete()' to URL '#delete'
Error: \reference\excel\worksheet.md: BookmarkMissing: for link 'getCell(row: number, column: number)' to URL '#getcellrow-number-column-number'
Error: \reference\excel\worksheet.md: BookmarkMissing: for link 'getRange(address: string)' to URL '#getrangeaddress-string'
Error: \reference\excel\worksheet.md: BookmarkMissing: for link 'getUsedRange()' to URL '#getusedrange'
Error: \reference\excel\worksheet.md: BookmarkMissing: for link 'load(param: object)' to URL '#loadparam-object'
Error: \reference\excel\worksheetcollection.md: BookmarkMissing: for link 'add(name: string)' to URL '#addname-string'
Error: \reference\excel\worksheetcollection.md: BookmarkMissing: for link 'getActiveWorksheet()' to URL '#getactiveworksheet'
Error: \reference\excel\worksheetcollection.md: BookmarkMissing: for link 'getItem(key: string)' to URL '#getitemkey-string'
Error: \reference\excel\worksheetcollection.md: BookmarkMissing: for link 'load(param: object)' to URL '#loadparam-object'
Error: \reference\outlook\Body.md: Link specifies ID 'options' which was not found in the document.
Error: \reference\outlook\Body.md: Link specifies ID 'callback' which was not found in the document.
Error: \reference\outlook\Body.md: BookmarkMissing: for link 'Office.CoercionType' to URL 'Office.md#coerciontype-string'
Error: \reference\outlook\Body.md: BookmarkMissing: for link 'CoercionType' to URL 'Office.md#coerciontype-string'
Error: \reference\outlook\Body.md: BookmarkMissing: for link '`setSelectedDataAsync`' to URL 'Body.md#setSelectedDataAsync'
Error: \reference\outlook\CustomProperties.md: BookmarkMissing: for link '`saveAsync`' to URL 'CustomProperties.md#saveAsync'
Error: \reference\outlook\CustomProperties.md: BookmarkMissing: for link '`get`' to URL 'CustomProperties.md#get'
Error: \reference\outlook\CustomProperties.md: BookmarkMissing: for link '`set`' to URL 'CustomProperties.md#set'
Error: \reference\outlook\CustomProperties.md: BookmarkMissing: for link '`saveAsync`' to URL 'CustomProperties.md#saveAsync'
Error: \reference\outlook\CustomProperties.md: Link specifies ID 'callback' which was not found in the document.
Error: \reference\outlook\CustomProperties.md: Link specifies ID 'asyncContext' which was not found in the document.
Error: \reference\outlook\CustomProperties.md: BookmarkMissing: for link '`set`' to URL 'CustomProperties.md#set'
Error: \reference\outlook\CustomProperties.md: BookmarkMissing: for link '`remove`' to URL 'CustomProperties.md#remove'
Error: \reference\outlook\CustomProperties.md: BookmarkMissing: for link '`saveAsync`' to URL 'CustomProperties.md#saveAsync'
Error: \reference\outlook\CustomProperties.md: BookmarkMissing: for link '`get`' to URL 'CustomProperties.md#get'
Error: \reference\outlook\CustomProperties.md: BookmarkMissing: for link '`set`' to URL 'CustomProperties.md#set'
Error: \reference\outlook\CustomProperties.md: BookmarkMissing: for link '`saveAsync`' to URL 'CustomProperties.md#saveAsync'
Error: \reference\outlook\Location.md: Link specifies ID 'options' which was not found in the document.
Error: \reference\outlook\Location.md: Link specifies ID 'callback' which was not found in the document.
Error: \reference\outlook\NotificationMessages.md: BookmarkMissing: for link '`notificationMessages`' to URL 'Office.context.mailbox.item.md#notificationmessages-notificationmessages'
Error: \reference\outlook\NotificationMessages.md: Link specifies ID 'options' which was not found in the document.
Error: \reference\outlook\NotificationMessages.md: Link specifies ID 'callback' which was not found in the document.
Error: \reference\outlook\Office.context.mailbox.item.md: BookmarkMissing: for link 'itemType' to URL 'Office.context.mailbox.item.md#itemtype-officemailboxenumsitemtype'
Error: \reference\outlook\Office.context.mailbox.item.md: BookmarkMissing: for link '`convertToLocalClientTime`' to URL 'Office.context.mailbox.md#converttolocalclienttimetimevalue--localclienttime'
Error: \reference\outlook\Office.context.mailbox.item.md: BookmarkMissing: for link '`Time.setAsync`' to URL 'Time.md#setasync'
Error: \reference\outlook\Office.context.mailbox.item.md: BookmarkMissing: for link '`convertToUtcClientTime`' to URL 'Office.context.mailbox.md#converttoutcclienttimeinput--date'
Error: \reference\outlook\Office.context.mailbox.item.md: BookmarkMissing: for link '`setAsync`' to URL 'Time.md#setasync'
Error: \reference\outlook\Office.context.mailbox.item.md: BookmarkMissing: for link '`sender`' to URL 'Office.context.mailbox.item.md#sender'
Error: \reference\outlook\Office.context.mailbox.item.md: BookmarkMissing: for link '`saveAsync`' to URL 'Office.context.mailbox.item.md#saveAsync'
Error: \reference\outlook\Office.context.mailbox.item.md: BookmarkMissing: for link 'Office.MailboxEnums.ItemType' to URL 'Office.MailboxEnums.md#itemtype-string'
Error: \reference\outlook\Office.context.mailbox.item.md: BookmarkMissing: for link 'Office.MailboxEnums.ItemType' to URL 'Office.MailboxEnums.md#itemtype-string'
Error: \reference\outlook\Office.context.mailbox.item.md: BookmarkMissing: for link '`subject`' to URL 'Office.context.mailbox.item.md#subject'
Error: \reference\outlook\Office.context.mailbox.item.md: BookmarkMissing: for link '`from`' to URL 'Office.context.mailbox.item.md#from'
Error: \reference\outlook\Office.context.mailbox.item.md: BookmarkMissing: for link '`convertToLocalClientTime`' to URL 'Office.context.mailbox.md#converttolocalclienttimetimevalue--localclienttime'
Error: \reference\outlook\Office.context.mailbox.item.md: BookmarkMissing: for link '`Time.setAsync`' to URL 'Time.md#setasync'
Error: \reference\outlook\Office.context.mailbox.item.md: BookmarkMissing: for link '`convertToUtcClientTime`' to URL 'Office.context.mailbox.md#converttoutcclienttimeinput--date'
Error: \reference\outlook\Office.context.mailbox.item.md: BookmarkMissing: for link '`setAsync`' to URL 'Time.md#setasync'
Error: \reference\outlook\Office.context.mailbox.item.md: BookmarkMissing: for link '`normalizedSubject`' to URL 'Office.context.mailbox.item.md#normalizedsubject-string'
Error: \reference\outlook\Office.context.mailbox.item.md: Link specifies ID 'options' which was not found in the document.
Error: \reference\outlook\Office.context.mailbox.item.md: Link specifies ID 'callback' which was not found in the document.
Error: \reference\outlook\Office.context.mailbox.item.md: BookmarkMissing: for link '`removeAttachmentAsync`' to URL 'Office.context.mailbox.item.md#removeAttachmentAsync'
Error: \reference\outlook\Office.context.mailbox.item.md: BookmarkMissing: for link '`removeAttachmentAsync`' to URL 'Office.context.mailbox.item.md#removeAttachmentAsync'
Error: \reference\outlook\Office.context.mailbox.item.md: BookmarkMissing: for link 'Office.MailboxEnums.EntityType' to URL 'Office.MailboxEnums.md#.EntityType'
Error: \reference\outlook\Office.context.mailbox.item.md: BookmarkMissing: for link '`Body.getAsync`' to URL 'Body.md#getAsync'
Error: \reference\outlook\Office.context.mailbox.item.md: BookmarkMissing: for link 'Office.CoercionType' to URL 'Office.md#coerciontype-string'
Error: \reference\outlook\Office.context.mailbox.item.md: Link specifies ID 'userContext' which was not found in the document.
Error: \reference\outlook\Office.context.mailbox.md: Link specifies ID 'userContext' which was not found in the document.
Error: \reference\outlook\Recipients.md: Link specifies ID 'options' which was not found in the document.
Error: \reference\outlook\Recipients.md: Link specifies ID 'callback' which was not found in the document.
Error: \reference\outlook\RoamingSettings.md: BookmarkMissing: for link '`roamingSettings`' to URL 'Office.context.md#roamingSettings'
Error: \reference\outlook\RoamingSettings.md: Link specifies ID 'callback' which was not found in the document.
Error: \reference\outlook\RoamingSettings.md: BookmarkMissing: for link '`set`' to URL 'RoamingSettings.md#set'
Error: \reference\outlook\RoamingSettings.md: BookmarkMissing: for link '`get`' to URL 'RoamingSettings.md#get'
Error: \reference\outlook\RoamingSettings.md: BookmarkMissing: for link '`saveAsync`' to URL 'RoamingSettings.md#saveAsync'
Error: \reference\outlook\simple-types.md: BookmarkMissing: for link 'Office.AsyncResultStatus' to URL 'Office.md#.AsyncResultStatus'
Error: \reference\outlook\simple-types.md: BookmarkMissing: for link 'Office.MailboxEnums.AttachmentType' to URL 'Office.MailboxEnums.md#attachmenttype-string'
Error: \reference\outlook\simple-types.md: BookmarkMissing: for link 'Office.MailboxEnums.ResponseType' to URL 'Office.MailboxEnums.md#responsetype-string'
Error: \reference\outlook\simple-types.md: BookmarkMissing: for link '`optionalAttendees`' to URL 'Office.context.mailbox.item.md#optionalAttendees'
Error: \reference\outlook\simple-types.md: BookmarkMissing: for link '`requiredAttendees`' to URL 'Office.context.mailbox.item.md#requiredAttendees'
Error: \reference\outlook\simple-types.md: BookmarkMissing: for link 'Office.MailboxEnums.RecipientType' to URL 'Office.MailboxEnums.md#recipienttype-string'
Error: \reference\outlook\simple-types.md: BookmarkMissing: for link '`getEntities`' to URL 'Office.context.mailbox.item.md#getEntities'
Error: \reference\outlook\simple-types.md: BookmarkMissing: for link '`getEntitiesByType`' to URL 'Office.context.mailbox.item.md#getEntitiesByType'
Error: \reference\outlook\simple-types.md: BookmarkMissing: for link '`NotificationMessages.getAllAsync`' to URL 'NotificationMessages.md#getAllAsync'
Error: \reference\outlook\simple-types.md: BookmarkMissing: for link 'Office.MailboxEnums.ItemNotificationMessageType' to URL 'Office.MailboxEnums.md#.ItemNotificationMessageType'
Error: \reference\outlook\simple-types.md: BookmarkMissing: for link '`getEntities`' to URL 'Office.context.mailbox.item.md#getEntities'
Error: \reference\outlook\simple-types.md: Link specifies ID '`Entities`' which was not found in the document.
Error: \reference\outlook\simple-types.md: BookmarkMissing: for link '`getEntities`' to URL 'Office.context.mailbox.item.md#getEntities'
Error: \reference\outlook\simple-types.md: BookmarkMissing: for link '`getEntitiesByType`' to URL 'Office.context.mailbox.item.md#getEntitiesByType'
Error: \reference\outlook\Subject.md: Link specifies ID 'options' which was not found in the document.
Error: \reference\outlook\Subject.md: Link specifies ID 'callback' which was not found in the document.
Error: \reference\outlook\Time.md: BookmarkMissing: for link '`start`' to URL 'Office.context.mailbox.item.md#start-datetime'
Error: \reference\outlook\Time.md: BookmarkMissing: for link '`end`' to URL 'Office.context.mailbox.item.md#end-datetime'
Error: \reference\outlook\Time.md: Link specifies ID 'options' which was not found in the document.
Error: \reference\outlook\Time.md: BookmarkMissing: for link '`convertToLocalClientTime`' to URL 'Office.context.mailbox.md#converttolocalclienttimetimevalue--localclienttime'
Error: \reference\outlook\Time.md: Link specifies ID 'callback' which was not found in the document.
Error: \reference\outlook\Time.md: BookmarkMissing: for link '`start`' to URL 'Office.context.mailbox.item.md#start-datetime'
Error: \reference\outlook\Time.md: BookmarkMissing: for link '`end`' to URL 'Office.context.mailbox.item.md#end-datetime'
Error: \reference\outlook\Time.md: BookmarkMissing: for link '`convertToUtcClientTime`' to URL 'Office.context.mailbox.md#converttoutcclienttimeinput--date'
Error: \reference\outlook\1.1\Body.md: Link specifies ID 'options' which was not found in the document.
Error: \reference\outlook\1.1\Body.md: Link specifies ID 'callback' which was not found in the document.
Error: \reference\outlook\1.1\Body.md: BookmarkMissing: for link 'CoercionType' to URL 'Office.md#coerciontype-string'
Error: \reference\outlook\1.1\Body.md: BookmarkMissing: for link '`setSelectedDataAsync`' to URL 'Body.md#setSelectedDataAsync'
Error: \reference\outlook\1.1\CustomProperties.md: BookmarkMissing: for link '`saveAsync`' to URL 'CustomProperties.md#saveAsync'
Error: \reference\outlook\1.1\CustomProperties.md: BookmarkMissing: for link '`get`' to URL 'CustomProperties.md#get'
Error: \reference\outlook\1.1\CustomProperties.md: BookmarkMissing: for link '`set`' to URL 'CustomProperties.md#set'
Error: \reference\outlook\1.1\CustomProperties.md: BookmarkMissing: for link '`saveAsync`' to URL 'CustomProperties.md#saveAsync'
Error: \reference\outlook\1.1\CustomProperties.md: Link specifies ID 'callback' which was not found in the document.
Error: \reference\outlook\1.1\CustomProperties.md: Link specifies ID 'asyncContext' which was not found in the document.
Error: \reference\outlook\1.1\CustomProperties.md: BookmarkMissing: for link '`set`' to URL 'CustomProperties.md#set'
Error: \reference\outlook\1.1\CustomProperties.md: BookmarkMissing: for link '`remove`' to URL 'CustomProperties.md#remove'
Error: \reference\outlook\1.1\CustomProperties.md: BookmarkMissing: for link '`saveAsync`' to URL 'CustomProperties.md#saveAsync'
Error: \reference\outlook\1.1\CustomProperties.md: BookmarkMissing: for link '`get`' to URL 'CustomProperties.md#get'
Error: \reference\outlook\1.1\CustomProperties.md: BookmarkMissing: for link '`set`' to URL 'CustomProperties.md#set'
Error: \reference\outlook\1.1\CustomProperties.md: BookmarkMissing: for link '`saveAsync`' to URL 'CustomProperties.md#saveAsync'
Error: \reference\outlook\1.1\index.md: Destination missing for link 'requirement set' to URL 'tutorial-api-requirement-sets.md'
Error: \reference\outlook\1.1\Location.md: Link specifies ID 'options' which was not found in the document.
Error: \reference\outlook\1.1\Location.md: Link specifies ID 'callback' which was not found in the document.
Error: \reference\outlook\1.1\Office.context.mailbox.item.md: BookmarkMissing: for link 'itemType' to URL 'Office.context.mailbox.item.md#itemtype-officemailboxenumsitemtype'
Error: \reference\outlook\1.1\Office.context.mailbox.item.md: BookmarkMissing: for link '`convertToLocalClientTime`' to URL 'Office.context.mailbox.md#converttolocalclienttimetimevalue--localclienttime'
Error: \reference\outlook\1.1\Office.context.mailbox.item.md: BookmarkMissing: for link '`Time.setAsync`' to URL 'Time.md#setasync'
Error: \reference\outlook\1.1\Office.context.mailbox.item.md: BookmarkMissing: for link '`convertToUtcClientTime`' to URL 'Office.context.mailbox.md#converttoutcclienttimeinput--date'
Error: \reference\outlook\1.1\Office.context.mailbox.item.md: BookmarkMissing: for link '`setAsync`' to URL 'Time.md#setasync'
Error: \reference\outlook\1.1\Office.context.mailbox.item.md: BookmarkMissing: for link '`sender`' to URL 'Office.context.mailbox.item.md#sender'
Error: \reference\outlook\1.1\Office.context.mailbox.item.md: BookmarkMissing: for link '`saveAsync`' to URL 'Office.context.mailbox.item.md#saveAsync'
Error: \reference\outlook\1.1\Office.context.mailbox.item.md: BookmarkMissing: for link 'Office.MailboxEnums.ItemType' to URL 'Office.MailboxEnums.md#itemtype-string'
Error: \reference\outlook\1.1\Office.context.mailbox.item.md: BookmarkMissing: for link 'Office.MailboxEnums.ItemType' to URL 'Office.MailboxEnums.md#itemtype-string'
Error: \reference\outlook\1.1\Office.context.mailbox.item.md: BookmarkMissing: for link '`subject`' to URL 'Office.context.mailbox.item.md#subject'
Error: \reference\outlook\1.1\Office.context.mailbox.item.md: BookmarkMissing: for link '`from`' to URL 'Office.context.mailbox.item.md#from'
Error: \reference\outlook\1.1\Office.context.mailbox.item.md: BookmarkMissing: for link '`convertToLocalClientTime`' to URL 'Office.context.mailbox.md#converttolocalclienttimetimevalue--localclienttime'
Error: \reference\outlook\1.1\Office.context.mailbox.item.md: BookmarkMissing: for link '`Time.setAsync`' to URL 'Time.md#setasync'
Error: \reference\outlook\1.1\Office.context.mailbox.item.md: BookmarkMissing: for link '`convertToUtcClientTime`' to URL 'Office.context.mailbox.md#converttoutcclienttimeinput--date'
Error: \reference\outlook\1.1\Office.context.mailbox.item.md: BookmarkMissing: for link '`setAsync`' to URL 'Time.md#setasync'
Error: \reference\outlook\1.1\Office.context.mailbox.item.md: BookmarkMissing: for link '`normalizedSubject`' to URL 'Office.context.mailbox.item.md#normalizedsubject-string'
Error: \reference\outlook\1.1\Office.context.mailbox.item.md: Link specifies ID 'options' which was not found in the document.
Error: \reference\outlook\1.1\Office.context.mailbox.item.md: Link specifies ID 'callback' which was not found in the document.
Error: \reference\outlook\1.1\Office.context.mailbox.item.md: BookmarkMissing: for link '`removeAttachmentAsync`' to URL 'Office.context.mailbox.item.md#removeAttachmentAsync'
Error: \reference\outlook\1.1\Office.context.mailbox.item.md: BookmarkMissing: for link '`removeAttachmentAsync`' to URL 'Office.context.mailbox.item.md#removeAttachmentAsync'
Error: \reference\outlook\1.1\Office.context.mailbox.item.md: BookmarkMissing: for link 'Office.MailboxEnums.EntityType' to URL 'Office.MailboxEnums.md#.EntityType'
Error: \reference\outlook\1.1\Office.context.mailbox.item.md: BookmarkMissing: for link '`Body.getAsync`' to URL 'Body.md#getAsync'
Error: \reference\outlook\1.1\Office.context.mailbox.item.md: BookmarkMissing: for link 'Office.CoercionType' to URL 'Office.md#coerciontype-string'
Error: \reference\outlook\1.1\Office.context.mailbox.item.md: Link specifies ID 'userContext' which was not found in the document.
Error: \reference\outlook\1.1\Office.context.mailbox.md: Link specifies ID 'userContext' which was not found in the document.
Error: \reference\outlook\1.1\Recipients.md: Link specifies ID 'options' which was not found in the document.
Error: \reference\outlook\1.1\Recipients.md: Link specifies ID 'callback' which was not found in the document.
Error: \reference\outlook\1.1\RoamingSettings.md: BookmarkMissing: for link '`roamingSettings`' to URL 'Office.context.md#roamingSettings'
Error: \reference\outlook\1.1\RoamingSettings.md: Link specifies ID 'callback' which was not found in the document.
Error: \reference\outlook\1.1\RoamingSettings.md: BookmarkMissing: for link '`set`' to URL 'RoamingSettings.md#set'
Error: \reference\outlook\1.1\RoamingSettings.md: BookmarkMissing: for link '`get`' to URL 'RoamingSettings.md#get'
Error: \reference\outlook\1.1\RoamingSettings.md: BookmarkMissing: for link '`saveAsync`' to URL 'RoamingSettings.md#saveAsync'
Error: \reference\outlook\1.1\simple-types.md: BookmarkMissing: for link 'Office.AsyncResultStatus' to URL 'Office.md#.AsyncResultStatus'
Error: \reference\outlook\1.1\simple-types.md: BookmarkMissing: for link 'Office.MailboxEnums.AttachmentType' to URL 'Office.MailboxEnums.md#attachmenttype-string'
Error: \reference\outlook\1.1\simple-types.md: BookmarkMissing: for link 'Office.MailboxEnums.ResponseType' to URL 'Office.MailboxEnums.md#responsetype-string'
Error: \reference\outlook\1.1\simple-types.md: BookmarkMissing: for link '`optionalAttendees`' to URL 'Office.context.mailbox.item.md#optionalAttendees'
Error: \reference\outlook\1.1\simple-types.md: BookmarkMissing: for link '`requiredAttendees`' to URL 'Office.context.mailbox.item.md#requiredAttendees'
Error: \reference\outlook\1.1\simple-types.md: BookmarkMissing: for link 'Office.MailboxEnums.RecipientType' to URL 'Office.MailboxEnums.md#recipienttype-string'
Error: \reference\outlook\1.1\simple-types.md: BookmarkMissing: for link '`getEntities`' to URL 'Office.context.mailbox.item.md#getEntities'
Error: \reference\outlook\1.1\simple-types.md: BookmarkMissing: for link '`getEntitiesByType`' to URL 'Office.context.mailbox.item.md#getEntitiesByType'
Error: \reference\outlook\1.1\simple-types.md: BookmarkMissing: for link '`getEntities`' to URL 'Office.context.mailbox.item.md#getEntities'
Error: \reference\outlook\1.1\simple-types.md: Link specifies ID '`Entities`' which was not found in the document.
Error: \reference\outlook\1.1\simple-types.md: BookmarkMissing: for link '`getEntities`' to URL 'Office.context.mailbox.item.md#getEntities'
Error: \reference\outlook\1.1\simple-types.md: BookmarkMissing: for link '`getEntitiesByType`' to URL 'Office.context.mailbox.item.md#getEntitiesByType'
Error: \reference\outlook\1.1\Subject.md: Link specifies ID 'options' which was not found in the document.
Error: \reference\outlook\1.1\Subject.md: Link specifies ID 'callback' which was not found in the document.
Error: \reference\outlook\1.1\Time.md: BookmarkMissing: for link '`start`' to URL 'Office.context.mailbox.item.md#start-datetime'
Error: \reference\outlook\1.1\Time.md: BookmarkMissing: for link '`end`' to URL 'Office.context.mailbox.item.md#end-datetime'
Error: \reference\outlook\1.1\Time.md: Link specifies ID 'options' which was not found in the document.
Error: \reference\outlook\1.1\Time.md: BookmarkMissing: for link '`convertToLocalClientTime`' to URL 'Office.context.mailbox.md#converttolocalclienttimetimevalue--localclienttime'
Error: \reference\outlook\1.1\Time.md: Link specifies ID 'callback' which was not found in the document.
Error: \reference\outlook\1.1\Time.md: BookmarkMissing: for link '`start`' to URL 'Office.context.mailbox.item.md#start-datetime'
Error: \reference\outlook\1.1\Time.md: BookmarkMissing: for link '`end`' to URL 'Office.context.mailbox.item.md#end-datetime'
Error: \reference\outlook\1.1\Time.md: BookmarkMissing: for link '`convertToUtcClientTime`' to URL 'Office.context.mailbox.md#converttoutcclienttimeinput--date'
Error: \reference\outlook\1.2\Body.md: Link specifies ID 'options' which was not found in the document.
Error: \reference\outlook\1.2\Body.md: Link specifies ID 'callback' which was not found in the document.
Error: \reference\outlook\1.2\Body.md: BookmarkMissing: for link 'CoercionType' to URL 'Office.md#coerciontype-string'
Error: \reference\outlook\1.2\Body.md: BookmarkMissing: for link '`setSelectedDataAsync`' to URL 'Body.md#setSelectedDataAsync'
Error: \reference\outlook\1.2\CustomProperties.md: BookmarkMissing: for link '`saveAsync`' to URL 'CustomProperties.md#saveAsync'
Error: \reference\outlook\1.2\CustomProperties.md: BookmarkMissing: for link '`get`' to URL 'CustomProperties.md#get'
Error: \reference\outlook\1.2\CustomProperties.md: BookmarkMissing: for link '`set`' to URL 'CustomProperties.md#set'
Error: \reference\outlook\1.2\CustomProperties.md: BookmarkMissing: for link '`saveAsync`' to URL 'CustomProperties.md#saveAsync'
Error: \reference\outlook\1.2\CustomProperties.md: Link specifies ID 'callback' which was not found in the document.
Error: \reference\outlook\1.2\CustomProperties.md: Link specifies ID 'asyncContext' which was not found in the document.
Error: \reference\outlook\1.2\CustomProperties.md: BookmarkMissing: for link '`set`' to URL 'CustomProperties.md#set'
Error: \reference\outlook\1.2\CustomProperties.md: BookmarkMissing: for link '`remove`' to URL 'CustomProperties.md#remove'
Error: \reference\outlook\1.2\CustomProperties.md: BookmarkMissing: for link '`saveAsync`' to URL 'CustomProperties.md#saveAsync'
Error: \reference\outlook\1.2\CustomProperties.md: BookmarkMissing: for link '`get`' to URL 'CustomProperties.md#get'
Error: \reference\outlook\1.2\CustomProperties.md: BookmarkMissing: for link '`set`' to URL 'CustomProperties.md#set'
Error: \reference\outlook\1.2\CustomProperties.md: BookmarkMissing: for link '`saveAsync`' to URL 'CustomProperties.md#saveAsync'
Error: \reference\outlook\1.2\index.md: Destination missing for link 'requirement set' to URL 'tutorial-api-requirement-sets.md'
Error: \reference\outlook\1.2\Location.md: Link specifies ID 'options' which was not found in the document.
Error: \reference\outlook\1.2\Location.md: Link specifies ID 'callback' which was not found in the document.
Error: \reference\outlook\1.2\Office.context.mailbox.item.md: BookmarkMissing: for link 'itemType' to URL 'Office.context.mailbox.item.md#itemtype-officemailboxenumsitemtype'
Error: \reference\outlook\1.2\Office.context.mailbox.item.md: BookmarkMissing: for link '`convertToLocalClientTime`' to URL 'Office.context.mailbox.md#converttolocalclienttimetimevalue--localclienttime'
Error: \reference\outlook\1.2\Office.context.mailbox.item.md: BookmarkMissing: for link '`Time.setAsync`' to URL 'Time.md#setasync'
Error: \reference\outlook\1.2\Office.context.mailbox.item.md: BookmarkMissing: for link '`convertToUtcClientTime`' to URL 'Office.context.mailbox.md#converttoutcclienttimeinput--date'
Error: \reference\outlook\1.2\Office.context.mailbox.item.md: BookmarkMissing: for link '`setAsync`' to URL 'Time.md#setasync'
Error: \reference\outlook\1.2\Office.context.mailbox.item.md: BookmarkMissing: for link '`sender`' to URL 'Office.context.mailbox.item.md#sender'
Error: \reference\outlook\1.2\Office.context.mailbox.item.md: BookmarkMissing: for link '`saveAsync`' to URL 'Office.context.mailbox.item.md#saveAsync'
Error: \reference\outlook\1.2\Office.context.mailbox.item.md: BookmarkMissing: for link 'Office.MailboxEnums.ItemType' to URL 'Office.MailboxEnums.md#itemtype-string'
Error: \reference\outlook\1.2\Office.context.mailbox.item.md: BookmarkMissing: for link 'Office.MailboxEnums.ItemType' to URL 'Office.MailboxEnums.md#itemtype-string'
Error: \reference\outlook\1.2\Office.context.mailbox.item.md: BookmarkMissing: for link '`subject`' to URL 'Office.context.mailbox.item.md#subject'
Error: \reference\outlook\1.2\Office.context.mailbox.item.md: BookmarkMissing: for link '`from`' to URL 'Office.context.mailbox.item.md#from'
Error: \reference\outlook\1.2\Office.context.mailbox.item.md: BookmarkMissing: for link '`convertToLocalClientTime`' to URL 'Office.context.mailbox.md#converttolocalclienttimetimevalue--localclienttime'
Error: \reference\outlook\1.2\Office.context.mailbox.item.md: BookmarkMissing: for link '`Time.setAsync`' to URL 'Time.md#setasync'
Error: \reference\outlook\1.2\Office.context.mailbox.item.md: BookmarkMissing: for link '`convertToUtcClientTime`' to URL 'Office.context.mailbox.md#converttoutcclienttimeinput--date'
Error: \reference\outlook\1.2\Office.context.mailbox.item.md: BookmarkMissing: for link '`setAsync`' to URL 'Time.md#setasync'
Error: \reference\outlook\1.2\Office.context.mailbox.item.md: BookmarkMissing: for link '`normalizedSubject`' to URL 'Office.context.mailbox.item.md#normalizedsubject-string'
Error: \reference\outlook\1.2\Office.context.mailbox.item.md: Link specifies ID 'options' which was not found in the document.
Error: \reference\outlook\1.2\Office.context.mailbox.item.md: Link specifies ID 'callback' which was not found in the document.
Error: \reference\outlook\1.2\Office.context.mailbox.item.md: BookmarkMissing: for link '`removeAttachmentAsync`' to URL 'Office.context.mailbox.item.md#removeAttachmentAsync'
Error: \reference\outlook\1.2\Office.context.mailbox.item.md: BookmarkMissing: for link '`removeAttachmentAsync`' to URL 'Office.context.mailbox.item.md#removeAttachmentAsync'
Error: \reference\outlook\1.2\Office.context.mailbox.item.md: BookmarkMissing: for link 'Office.MailboxEnums.EntityType' to URL 'Office.MailboxEnums.md#.EntityType'
Error: \reference\outlook\1.2\Office.context.mailbox.item.md: BookmarkMissing: for link '`Body.getAsync`' to URL 'Body.md#getAsync'
Error: \reference\outlook\1.2\Office.context.mailbox.item.md: BookmarkMissing: for link 'Office.CoercionType' to URL 'Office.md#coerciontype-string'
Error: \reference\outlook\1.2\Office.context.mailbox.item.md: Link specifies ID 'userContext' which was not found in the document.
Error: \reference\outlook\1.2\Office.context.mailbox.md: Link specifies ID 'userContext' which was not found in the document.
Error: \reference\outlook\1.2\Recipients.md: Link specifies ID 'options' which was not found in the document.
Error: \reference\outlook\1.2\Recipients.md: Link specifies ID 'callback' which was not found in the document.
Error: \reference\outlook\1.2\RoamingSettings.md: BookmarkMissing: for link '`roamingSettings`' to URL 'Office.context.md#roamingSettings'
Error: \reference\outlook\1.2\RoamingSettings.md: Link specifies ID 'callback' which was not found in the document.
Error: \reference\outlook\1.2\RoamingSettings.md: BookmarkMissing: for link '`set`' to URL 'RoamingSettings.md#set'
Error: \reference\outlook\1.2\RoamingSettings.md: BookmarkMissing: for link '`get`' to URL 'RoamingSettings.md#get'
Error: \reference\outlook\1.2\RoamingSettings.md: BookmarkMissing: for link '`saveAsync`' to URL 'RoamingSettings.md#saveAsync'
Error: \reference\outlook\1.2\simple-types.md: BookmarkMissing: for link 'Office.AsyncResultStatus' to URL 'Office.md#.AsyncResultStatus'
Error: \reference\outlook\1.2\simple-types.md: BookmarkMissing: for link 'Office.MailboxEnums.AttachmentType' to URL 'Office.MailboxEnums.md#attachmenttype-string'
Error: \reference\outlook\1.2\simple-types.md: BookmarkMissing: for link 'Office.MailboxEnums.ResponseType' to URL 'Office.MailboxEnums.md#responsetype-string'
Error: \reference\outlook\1.2\simple-types.md: BookmarkMissing: for link '`optionalAttendees`' to URL 'Office.context.mailbox.item.md#optionalAttendees'
Error: \reference\outlook\1.2\simple-types.md: BookmarkMissing: for link '`requiredAttendees`' to URL 'Office.context.mailbox.item.md#requiredAttendees'
Error: \reference\outlook\1.2\simple-types.md: BookmarkMissing: for link 'Office.MailboxEnums.RecipientType' to URL 'Office.MailboxEnums.md#recipienttype-string'
Error: \reference\outlook\1.2\simple-types.md: BookmarkMissing: for link '`getEntities`' to URL 'Office.context.mailbox.item.md#getEntities'
Error: \reference\outlook\1.2\simple-types.md: BookmarkMissing: for link '`getEntitiesByType`' to URL 'Office.context.mailbox.item.md#getEntitiesByType'
Error: \reference\outlook\1.2\simple-types.md: BookmarkMissing: for link '`getEntities`' to URL 'Office.context.mailbox.item.md#getEntities'
Error: \reference\outlook\1.2\simple-types.md: Link specifies ID '`Entities`' which was not found in the document.
Error: \reference\outlook\1.2\simple-types.md: BookmarkMissing: for link '`getEntities`' to URL 'Office.context.mailbox.item.md#getEntities'
Error: \reference\outlook\1.2\simple-types.md: BookmarkMissing: for link '`getEntitiesByType`' to URL 'Office.context.mailbox.item.md#getEntitiesByType'
Error: \reference\outlook\1.2\Subject.md: Link specifies ID 'options' which was not found in the document.
Error: \reference\outlook\1.2\Subject.md: Link specifies ID 'callback' which was not found in the document.
Error: \reference\outlook\1.2\Time.md: BookmarkMissing: for link '`start`' to URL 'Office.context.mailbox.item.md#start-datetime'
Error: \reference\outlook\1.2\Time.md: BookmarkMissing: for link '`end`' to URL 'Office.context.mailbox.item.md#end-datetime'
Error: \reference\outlook\1.2\Time.md: Link specifies ID 'options' which was not found in the document.
Error: \reference\outlook\1.2\Time.md: BookmarkMissing: for link '`convertToLocalClientTime`' to URL 'Office.context.mailbox.md#converttolocalclienttimetimevalue--localclienttime'
Error: \reference\outlook\1.2\Time.md: Link specifies ID 'callback' which was not found in the document.
Error: \reference\outlook\1.2\Time.md: BookmarkMissing: for link '`start`' to URL 'Office.context.mailbox.item.md#start-datetime'
Error: \reference\outlook\1.2\Time.md: BookmarkMissing: for link '`end`' to URL 'Office.context.mailbox.item.md#end-datetime'
Error: \reference\outlook\1.2\Time.md: BookmarkMissing: for link '`convertToUtcClientTime`' to URL 'Office.context.mailbox.md#converttoutcclienttimeinput--date'
Error: \reference\shared\customxmlnode.setnodevalueasync.md: BookmarkMissing: for link 'Addded' to URL '#bk_history'
Error: \reference\shared\document.getfileasync.md: BookmarkMissing: for link 'Support history' to URL '#bk_history'
Error: \reference\word\body.md: BookmarkMissing: for link 'clear()' to URL '#clear'
Error: \reference\word\body.md: BookmarkMissing: for link 'getHtml()' to URL '#gethtml'
Error: \reference\word\body.md: BookmarkMissing: for link 'getOoxml()' to URL '#getooxml'
Error: \reference\word\body.md: BookmarkMissing: for link 'insertBreak(breakType: BreakType, insertLocation: InsertLocation)' to URL '#insertbreakbreaktype-breaktype-insertlocation-insertlocation'
Error: \reference\word\body.md: BookmarkMissing: for link 'insertContentControl()' to URL '#insertcontentcontrol'
Error: \reference\word\body.md: BookmarkMissing: for link 'insertFileFromBase64(base64File: string, insertLocation: InsertLocation)' to URL '#insertfilefrombase64base64file-string-insertlocation-insertlocation'
Error: \reference\word\body.md: BookmarkMissing: for link 'insertHtml(html: string, insertLocation: InsertLocation)' to URL '#inserthtmlhtml-string-insertlocation-insertlocation'
Error: \reference\word\body.md: BookmarkMissing: for link 'insertInlinePictureFromBase64(base64EncodedImage: string, insertLocation: InsertLocation)' to URL '#insertInlinePictureFromBase64base64EncodedImage-string-insertlocation-insertlocation'
Error: \reference\word\body.md: BookmarkMissing: for link 'insertOoxml(ooxml: string, insertLocation: InsertLocation)' to URL '#insertooxmlooxml-string-insertlocation-insertlocation'
Error: \reference\word\body.md: BookmarkMissing: for link 'insertParagraph(paragraphText: string, insertLocation: InsertLocation)' to URL '#insertparagraphparagraphtext-string-insertlocation-insertlocation'
Error: \reference\word\body.md: BookmarkMissing: for link 'insertText(text: string, insertLocation: InsertLocation)' to URL '#inserttexttext-string-insertlocation-insertlocation'
Error: \reference\word\body.md: BookmarkMissing: for link 'load(param: object)' to URL '#loadparam-object'
Error: \reference\word\body.md: BookmarkMissing: for link 'search(searchText: string, searchOptions: ParamTypeStrings.SearchOptions)' to URL '#searchsearchtext-string-searchoptions-paramtypestringssearchoptions'
Error: \reference\word\body.md: BookmarkMissing: for link 'select(selectionMode: SelectionMode)' to URL '#selectselectionmode-selectionmode'
Error: \reference\word\contentcontrol.md: BookmarkMissing: for link 'clear()' to URL '#clear'
Error: \reference\word\contentcontrol.md: BookmarkMissing: for link 'delete(keepContent: bool)' to URL '#deletekeepcontent-bool'
Error: \reference\word\contentcontrol.md: BookmarkMissing: for link 'getHtml()' to URL '#gethtml'
Error: \reference\word\contentcontrol.md: BookmarkMissing: for link 'getOoxml()' to URL '#getooxml'
Error: \reference\word\contentcontrol.md: BookmarkMissing: for link 'insertBreak(breakType: BreakType, insertLocation: InsertLocation)' to URL '#insertbreakbreaktype-breaktype-insertlocation-insertlocation'
Error: \reference\word\contentcontrol.md: BookmarkMissing: for link 'insertFileFromBase64(base64File: string, insertLocation: InsertLocation)' to URL '#insertfilefrombase64base64file-string-insertlocation-insertlocation'
Error: \reference\word\contentcontrol.md: BookmarkMissing: for link 'insertHtml(html: string, insertLocation: InsertLocation)' to URL '#inserthtmlhtml-string-insertlocation-insertlocation'
Error: \reference\word\contentcontrol.md: BookmarkMissing: for link 'insertInlinePictureFromBase64(base64EncodedImage: string, insertLocation: InsertLocation)' to URL '#insertInlinePictureFromBase64base64EncodedImage-string-insertlocation-insertlocation'
Error: \reference\word\contentcontrol.md: BookmarkMissing: for link 'insertOoxml(ooxml: string, insertLocation: InsertLocation)' to URL '#insertooxmlooxml-string-insertlocation-insertlocation'
Error: \reference\word\contentcontrol.md: BookmarkMissing: for link 'insertParagraph(paragraphText: string, insertLocation: InsertLocation)' to URL '#insertparagraphparagraphtext-string-insertlocation-insertlocation'
Error: \reference\word\contentcontrol.md: BookmarkMissing: for link 'insertText(text: string, insertLocation: InsertLocation)' to URL '#inserttexttext-string-insertlocation-insertlocation'
Error: \reference\word\contentcontrol.md: BookmarkMissing: for link 'load(param: object)' to URL '#loadparam-object'
Error: \reference\word\contentcontrol.md: BookmarkMissing: for link 'search(searchText: string, searchOptions: ParamTypeStrings.SearchOptions)' to URL '#searchsearchtext-string-searchoptions-paramtypestringssearchoptions'
Error: \reference\word\contentcontrol.md: BookmarkMissing: for link 'select(selectionMode: SelectionMode)' to URL '#selectselectionmode-selectionmode'
Error: \reference\word\contentcontrolcollection.md: BookmarkMissing: for link 'getById(id: number)' to URL '#getbyidid-number'
Error: \reference\word\contentcontrolcollection.md: BookmarkMissing: for link 'getByTag(tag: string)' to URL '#getbytagtag-string'
Error: \reference\word\contentcontrolcollection.md: BookmarkMissing: for link 'getByTitle(title: string)' to URL '#getbytitletitle-string'
Error: \reference\word\contentcontrolcollection.md: BookmarkMissing: for link 'load(param: object)' to URL '#loadparam-object'
Error: \reference\word\document.md: BookmarkMissing: for link 'getSelection()' to URL '#getselection'
Error: \reference\word\document.md: BookmarkMissing: for link 'load(param: object)' to URL '#loadparam-object'
Error: \reference\word\document.md: BookmarkMissing: for link 'save()' to URL '#save'
Error: \reference\word\font.md: BookmarkMissing: for link 'load(param: object)' to URL '#loadparam-object'
Error: \reference\word\inlinepicture.md: BookmarkMissing: for link 'delete()' to URL '#delete'
Error: \reference\word\inlinepicture.md: BookmarkMissing: for link 'getBase64ImageSrc()' to URL '#getbase64imagesrc'
Error: \reference\word\inlinepicture.md: BookmarkMissing: for link 'insertBreak(breakType: BreakType, insertLocation: InsertLocation)' to URL '#insertbreakbreaktype-breaktype-insertlocation-insertlocation'
Error: \reference\word\inlinepicture.md: BookmarkMissing: for link 'insertContentControl()' to URL '#insertcontentcontrol'
Error: \reference\word\inlinepicture.md: BookmarkMissing: for link 'insertFileFromBase64(base64File: string, insertLocation: InsertLocation)' to URL '#insertfilefrombase64base64file-string-insertlocation-insertlocation'
Error: \reference\word\inlinepicture.md: BookmarkMissing: for link 'insertHtml(html: string, insertLocation: InsertLocation)' to URL '#inserthtmlhtml-string-insertlocation-insertlocation'
Error: \reference\word\inlinepicture.md: BookmarkMissing: for link 'insertInlinePictureFromBase64(base64EncodedImage: string, insertLocation: InsertLocation)' to URL '#insertInlinePictureFromBase64base64EncodedImage-string-insertlocation-insertlocation'
Error: \reference\word\inlinepicture.md: BookmarkMissing: for link 'insertOoxml(ooxml: string, insertLocation: InsertLocation)' to URL '#insertooxmlooxml-string-insertlocation-insertlocation'
Error: \reference\word\inlinepicture.md: BookmarkMissing: for link 'insertParagraph(paragraphText: string, insertLocation: InsertLocation)' to URL '#insertparagraphparagraphtext-string-insertlocation-insertlocation'
Error: \reference\word\inlinepicture.md: BookmarkMissing: for link 'insertText(text: string, insertLocation: InsertLocation)' to URL '#inserttexttext-string-insertlocation-insertlocation'
Error: \reference\word\inlinepicture.md: BookmarkMissing: for link 'select(selectionMode: SelectionMode)' to URL '#selectselectionmode-selectionmode'
Error: \reference\word\inlinepicture.md: BookmarkMissing: for link 'load(param: object)' to URL '#loadparam-object'
Error: \reference\word\inlinepicturecollection.md: BookmarkMissing: for link 'load(param: object)' to URL '#loadparam-object'
Error: \reference\word\paragraph.md: BookmarkMissing: for link 'clear()' to URL '#clear'
Error: \reference\word\paragraph.md: BookmarkMissing: for link 'delete()' to URL '#delete'
Error: \reference\word\paragraph.md: BookmarkMissing: for link 'getHtml()' to URL '#gethtml'
Error: \reference\word\paragraph.md: BookmarkMissing: for link 'getOoxml()' to URL '#getooxml'
Error: \reference\word\paragraph.md: BookmarkMissing: for link 'insertBreak(breakType: BreakType, insertLocation: InsertLocation)' to URL '#insertbreakbreaktype-breaktype-insertlocation-insertlocation'
Error: \reference\word\paragraph.md: BookmarkMissing: for link 'insertContentControl()' to URL '#insertcontentcontrol'
Error: \reference\word\paragraph.md: BookmarkMissing: for link 'insertFileFromBase64(base64File: string, insertLocation: InsertLocation)' to URL '#insertfilefrombase64base64file-string-insertlocation-insertlocation'
Error: \reference\word\paragraph.md: BookmarkMissing: for link 'insertHtml(html: string, insertLocation: InsertLocation)' to URL '#inserthtmlhtml-string-insertlocation-insertlocation'
Error: \reference\word\paragraph.md: BookmarkMissing: for link 'insertInlinePictureFromBase64(base64EncodedImage: string, insertLocation: InsertLocation)' to URL '#insertinlinepicturefrombase64base64encodedimage-string-insertlocation-insertlocation'
Error: \reference\word\paragraph.md: BookmarkMissing: for link 'insertOoxml(ooxml: string, insertLocation: InsertLocation)' to URL '#insertooxmlooxml-string-insertlocation-insertlocation'
Error: \reference\word\paragraph.md: BookmarkMissing: for link 'insertParagraph(paragraphText: string, insertLocation: InsertLocation)' to URL '#insertparagraphparagraphtext-string-insertlocation-insertlocation'
Error: \reference\word\paragraph.md: BookmarkMissing: for link 'insertText(text: string, insertLocation: InsertLocation)' to URL '#inserttexttext-string-insertlocation-insertlocation'
Error: \reference\word\paragraph.md: BookmarkMissing: for link 'load(param: object)' to URL '#loadparam-object'
Error: \reference\word\paragraph.md: BookmarkMissing: for link 'search(searchText: string, searchOptions: ParamTypeStrings.SearchOptions)' to URL '#searchsearchtext-string-searchoptions-paramtypestringssearchoptions'
Error: \reference\word\paragraph.md: BookmarkMissing: for link 'select(selectionMode: SelectionMode)' to URL '#selectselectionmode-selectionmode'
Error: \reference\word\paragraphcollection.md: BookmarkMissing: for link 'load(param: object)' to URL '#loadparam-object'
Error: \reference\word\range.md: BookmarkMissing: for link 'clear()' to URL '#clear'
Error: \reference\word\range.md: BookmarkMissing: for link 'delete()' to URL '#delete'
Error: \reference\word\range.md: BookmarkMissing: for link 'getHtml()' to URL '#gethtml'
Error: \reference\word\range.md: BookmarkMissing: for link 'getOoxml()' to URL '#getooxml'
Error: \reference\word\range.md: BookmarkMissing: for link 'insertBreak(breakType: BreakType, insertLocation: InsertLocation)' to URL '#insertbreakbreaktype-breaktype-insertlocation-insertlocation'
Error: \reference\word\range.md: BookmarkMissing: for link 'insertContentControl()' to URL '#insertcontentcontrol'
Error: \reference\word\range.md: BookmarkMissing: for link 'insertFileFromBase64(base64File: string, insertLocation: InsertLocation)' to URL '#insertfilefrombase64base64file-string-insertlocation-insertlocation'
Error: \reference\word\range.md: BookmarkMissing: for link 'insertHtml(html: string, insertLocation: InsertLocation)' to URL '#inserthtmlhtml-string-insertlocation-insertlocation'
Error: \reference\word\range.md: BookmarkMissing: for link 'insertInlinePictureFromBase64(base64EncodedImage: string, insertLocation: InsertLocation)' to URL '#insertInlinePictureFromBase64base64EncodedImage-string-insertlocation-insertlocation'
Error: \reference\word\range.md: BookmarkMissing: for link 'insertOoxml(ooxml: string, insertLocation: InsertLocation)' to URL '#insertooxmlooxml-string-insertlocation-insertlocation'
Error: \reference\word\range.md: BookmarkMissing: for link 'insertParagraph(paragraphText: string, insertLocation: InsertLocation)' to URL '#insertparagraphparagraphtext-string-insertlocation-insertlocation'
Error: \reference\word\range.md: BookmarkMissing: for link 'insertText(text: string, insertLocation: InsertLocation)' to URL '#inserttexttext-string-insertlocation-insertlocation'
Error: \reference\word\range.md: BookmarkMissing: for link 'load(param: object)' to URL '#loadparam-object'
Error: \reference\word\range.md: BookmarkMissing: for link 'search(searchText: string, searchOptions: ParamTypeStrings.SearchOptions)' to URL '#searchsearchtext-string-searchoptions-paramtypestringssearchoptions'
Error: \reference\word\range.md: BookmarkMissing: for link 'select(selectionMode: SelectionMode)' to URL '#selectselectionmode-selectionmode'
Error: \reference\word\requestcontext.md: BookmarkMissing: for link 'load(object: object, option: object)' to URL '#loadobject-object-option-object'
Error: \reference\word\requestcontext.md: BookmarkMissing: for link 'sync()' to URL '#sync'
Error: \reference\word\searchoptions.md: BookmarkMissing: for link 'load(param: object)' to URL '#loadparam-object'
Error: \reference\word\searchoptions.md: Link specifies ID ' ' which was not found in the document.
Error: \reference\word\searchoptions.md: Link specifies ID 'io' which was not found in the document.
Error: \reference\word\searchoptions.md: Link specifies ID '-' which was not found in the document.
Error: \reference\word\searchoptions.md: Link specifies ID 'r-t' which was not found in the document.
Error: \reference\word\searchoptions.md: Link specifies ID '!x-z' which was not found in the document.
Error: \reference\word\searchoptions.md: Link specifies ID '!a-m' which was not found in the document.
Error: \reference\word\searchresultcollection.md: BookmarkMissing: for link 'load(param: object)' to URL '#loadparam-object'
Error: \reference\word\section.md: BookmarkMissing: for link 'getFooter(type: HeaderFooterType)' to URL '#getfootertype-headerfootertype'
Error: \reference\word\section.md: BookmarkMissing: for link 'getHeader(type: HeaderFooterType)' to URL '#getheadertype-headerfootertype'
Error: \reference\word\section.md: BookmarkMissing: for link 'load(param: object)' to URL '#loadparam-object'
Error: \reference\word\sectioncollection.md: BookmarkMissing: for link 'load(param: object)' to URL '#loadparam-object'
Error: \reference\word\word-add-ins-javascript-reference.md: BookmarkMissing: for link 'Selection' to URL 'document.md#getselection'
Error: \reference\word\word-add-ins-javascript-reference.md: Destination missing for link 'Word add-ins' to URL '../../word/word-add-ins.md'
Error: \reference\word\word-add-ins-javascript-reference.md: Destination missing for link 'Word add-ins programming guide' to URL '../../word/word-add-ins-programming-guide.md'
Warning: Page mailbox-api.md has no incoming links.
Warning: Page docs/access/access-web-app-add-ins.md has no incoming links.
Warning: Page docs/design/design-office-add-ins-for-the-ipad.md has no incoming links.
Warning: Page docs/design/ui-elements/interaction-patterns.md has no incoming links.
Warning: Page docs/design/ui-elements/using-office-ui-fabric.md has no incoming links.
Warning: Page docs/develop/addressing-same-origin-policy-limitations.md has no incoming links.
Warning: Page docs/develop/create-a-sharepoint-add-in-that-contains-a-document-template-and-a-task-pane-add-in.md has no incoming links.
Warning: Page docs/develop/create-better-add-ins-for-word-with-office-open-xml.md has no incoming links.
Warning: Page docs/develop/dictionary-task-pane-add-ins.md has no incoming links.
Warning: Page docs/develop/loading-the-dom-and-runtime-environment.md has no incoming links.
Warning: Page docs/develop/localization.md has no incoming links.
Warning: Page docs/develop/privacy-and-security.md has no incoming links.
Warning: Page docs/develop/referencing-the-javascript-api-for-office-library-from-its-cdn.md has no incoming links.
Warning: Page docs/develop/resource-limits-and-performance-optimization.md has no incoming links.
Warning: Page docs/develop/understanding-the-javascript-api-for-office.md has no incoming links.
Warning: Page docs/develop/update-your-javascript-api-for-office-and-manifest-schema-version.md has no incoming links.
Warning: Page docs/excel/code-samples.md has no incoming links.
Warning: Page docs/excel/excel-add-ins.md has no incoming links.
Warning: Page docs/get-started/create-an-office-add-in-using-any-editor.md has no incoming links.
Warning: Page docs/get-started/create-an-office-add-in-with-napa.md has no incoming links.
Warning: Page docs/get-started/create-and-debug-office-add-ins-in-visual-studio.md has no incoming links.
Warning: Page docs/mailbox/mailbox-api.md has no incoming links.
Warning: Page docs/outlook/compare-outlook-add-in-support-in-outlook-for-mac.md has no incoming links.
Warning: Page docs/outlook/tips-for-handling-date-values-in-outlook-add-ins.md has no incoming links.
Warning: Page docs/outlook/use-php-to-validate-an-identity-token.md has no incoming links.
Warning: Page docs/powerpoint/office-mix/guidelines-for-creating-labs-for-mix-using-labsjs.md has no incoming links.
Warning: Page docs/powerpoint/office-mix/labsjs-lab-components.md has no incoming links.
Warning: Page docs/powerpoint/office-mix/labsjs-labs-for-office-mix-examples.md has no incoming links.
Warning: Page docs/publish/tips-and-tricks-for-improving-performance-and-experience-of-Office-add-ins.md has no incoming links.
Warning: Page reference/office-add-in-requirement-sets.md has no incoming links.
Warning: Page reference/schema-reference-for-office-add-ins-manifests-v1.1.md has no incoming links.
Warning: Page reference/manifest/targetdialect.md has no incoming links.
Warning: Page reference/office-mix/labs-variables.md has no incoming links.
Warning: Page reference/office-mix/labs.commandtype-variables.md has no incoming links.
Warning: Page reference/office-mix/labs.components-classes.md has no incoming links.
Warning: Page reference/office-mix/labs.components-interfaces.md has no incoming links.
Warning: Page reference/office-mix/labs.components-variables.md has no incoming links.
Warning: Page reference/office-mix/labs.core-classes.md has no incoming links.
Warning: Page reference/office-mix/labs.core-enumerations.md has no incoming links.
Warning: Page reference/office-mix/labs.core-interfaces.md has no incoming links.
Warning: Page reference/office-mix/labs.core.actions-interfaces.md has no incoming links.
Warning: Page reference/office-mix/labs.core.actions-variables.md has no incoming links.
Warning: Page reference/office-mix/labs.core.getactions-variables.md has no incoming links.
Warning: Page reference/office-mix/labsjs.labs.commandtype.md has no incoming links.
Warning: Page reference/outlook/Event.md has no incoming links.
Warning: Page reference/outlook/Office.context.mailbox.diagnostics.md has no incoming links.
Warning: Page reference/outlook/Office.context.mailbox.item.md has no incoming links.
Warning: Page reference/outlook/Office.context.mailbox.userProfile.md has no incoming links.
Warning: Page reference/outlook/Office.MailboxEnums.md has no incoming links.
Warning: Page reference/outlook/1.1/index.md has no incoming links.
Warning: Page reference/outlook/1.1/Office.context.mailbox.diagnostics.md has no incoming links.
Warning: Page reference/outlook/1.1/Office.context.mailbox.item.md has no incoming links.
Warning: Page reference/outlook/1.1/Office.context.mailbox.userProfile.md has no incoming links.
Warning: Page reference/outlook/1.1/Office.MailboxEnums.md has no incoming links.
Warning: Page reference/outlook/1.2/index.md has no incoming links.
Warning: Page reference/outlook/1.2/Office.context.mailbox.diagnostics.md has no incoming links.
Warning: Page reference/outlook/1.2/Office.context.mailbox.item.md has no incoming links.
Warning: Page reference/outlook/1.2/Office.context.mailbox.userProfile.md has no incoming links.
Warning: Page reference/outlook/1.2/Office.MailboxEnums.md has no incoming links.
Warning: Page reference/shared/customxmlnode.gettextasync.md has no incoming links.
Warning: Page reference/shared/customxmlnode.settextasync.md has no incoming links.
Warning: Page reference/shared/document-api.md has no incoming links.
Warning: Page reference/shared/enumerations.md has no incoming links.
Warning: Page reference/shared/settings.settingschangedeventargs.md has no incoming links.
Warning: Page reference/word/breaktype.md has no incoming links.
Test Check-links complete. Failed: Multiple errors occured. duration: 00:00:00.4016808
